<?xml version = '1.0' encoding = 'UTF-8'?>
<Diagram class="oracle.dbtools.crest.swingui.logical.DPVLogical" name="Logical" id="42404842-DE4F-A508-C852-2CE7E1F7AFCA">
<createdBy>shhong</createdBy>
<modifiedBy>shhong</modifiedBy>
<createdTime>2023-09-04 14:43:42 UTC</createdTime>
<autoRoute>false</autoRoute>
<boxInbox>true</boxInbox>
<showLegend>false</showLegend>
<showLabels>false</showLabels>
<showRelAttributes>false</showRelAttributes>
<gridEnabled>false</gridEnabled>
<showGrid>false</showGrid>
<diagramColor>-1</diagramColor>
<display>false</display>
<notation>2</notation>
<objectViews>
<OView class="oracle.dbtools.crest.swingui.logical.TVEntity" oid="1CD09819-6FBE-D5E9-A51B-7DB8A24A0284" otype="Entity" vid="72BE50D7-D442-5428-97D5-864283CFCD4B">
<hideElementsInCurrentOnly>false</hideElementsInCurrentOnly>
<bounds x="355" y="22" width="197" height="165"/>
</OView>
<OView class="oracle.dbtools.crest.swingui.logical.TVEntity" oid="1D11FDDF-B2BB-3182-CA9B-723EB4CEBB69" otype="Entity" vid="81AC86A8-5F6F-4BE1-E0A2-8D344C85965C">
<hideElementsInCurrentOnly>false</hideElementsInCurrentOnly>
<bounds x="362" y="300" width="217" height="156"/>
</OView>
<OView class="oracle.dbtools.crest.swingui.logical.TVEntity" oid="56975088-0E45-6EA9-A75F-D5D53EDDA10D" otype="Entity" vid="AED513D3-9BB1-EA06-D984-B313C7F2034D">
<hideElementsInCurrentOnly>false</hideElementsInCurrentOnly>
<bounds x="29" y="319" width="235" height="141"/>
</OView>
<OView class="oracle.dbtools.crest.swingui.logical.TVEntity" oid="F0439D93-DCF7-891A-AA18-8F37F276D018" otype="Entity" vid="E2DF4C1E-AF91-9E25-86EC-648EFE25B163">
<hideElementsInCurrentOnly>false</hideElementsInCurrentOnly>
<bounds x="15" y="24" width="252" height="188"/>
</OView>
</objectViews>
<connectors>
<Connector class="oracle.dbtools.crest.swingui.logical.TVRelation" oid="045ABAD9-1BE7-0DE9-6C4B-78390BD48092" otype="Relation" vid_source="72BE50D7-D442-5428-97D5-864283CFCD4B" vid_target="E2DF4C1E-AF91-9E25-86EC-648EFE25B163">
<hideElementsInCurrentOnly>false</hideElementsInCurrentOnly>
<backgroundColor>-16777216</backgroundColor>
<lineWidth>1</lineWidth>
<points>
<point x="355" y="120"/>
<point x="267" y="120"/>
</points>
</Connector>
<Connector class="oracle.dbtools.crest.swingui.logical.TVRelation" oid="3399C794-5D19-07EF-F73C-584823D27AB9" otype="Relation" vid_source="81AC86A8-5F6F-4BE1-E0A2-8D344C85965C" vid_target="72BE50D7-D442-5428-97D5-864283CFCD4B">
<hideElementsInCurrentOnly>false</hideElementsInCurrentOnly>
<backgroundColor>-16777216</backgroundColor>
<lineWidth>1</lineWidth>
<points>
<point x="454" y="300"/>
<point x="454" y="261"/>
<point x="454" y="187"/>
</points>
</Connector>
<Connector class="oracle.dbtools.crest.swingui.logical.TVRelation" oid="CE30CF12-74B7-6E39-5C36-A98D7FCBFC32" otype="Relation" vid_source="E2DF4C1E-AF91-9E25-86EC-648EFE25B163" vid_target="AED513D3-9BB1-EA06-D984-B313C7F2034D">
<hideElementsInCurrentOnly>false</hideElementsInCurrentOnly>
<backgroundColor>-16777216</backgroundColor>
<lineWidth>1</lineWidth>
<points>
<point x="146" y="212"/>
<point x="146" y="319"/>
</points>
</Connector>
</connectors>
</Diagram>