<?xml version = '1.0' encoding = 'UTF-8'?>
<Diagram class="oracle.dbtools.crest.swingui.datatypes.DPVDataTypes" name="DataTypes" id="0C417EE9-2182-AE34-1A64-5205B6C4BC0D">
<createdBy>shhon</createdBy>
<modifiedBy>shhon</modifiedBy>
<createdTime>2024-09-04 04:33:38 UTC</createdTime>
<autoRoute>false</autoRoute>
<boxInbox>true</boxInbox>
<showLegend>false</showLegend>
<showLabels>true</showLabels>
<showRelAttributes>false</showRelAttributes>
<gridEnabled>false</gridEnabled>
<showGrid>false</showGrid>
<diagramColor>-1</diagramColor>
<display>false</display>
<notation>1</notation>
<objectViews>
<OView class="oracle.dbtools.crest.swingui.datatypes.TVStructuredType" oid="105E8FD0-EB44-82AB-81F3-8655FFB074C6" otype="StructuredType" vid="11503E08-1755-8BBC-7EA8-D64B44CD072C">
<hideElementsInCurrentOnly>false</hideElementsInCurrentOnly>
<bounds x="38" y="30" width="170" height="112"/>
</OView>
<OView class="oracle.dbtools.crest.swingui.datatypes.TVStructuredType" oid="3E28D5B7-C5BA-DCAD-5B09-A46C751B1480" otype="StructuredType" vid="187A7344-116E-7389-6C39-D6DFA0912E52">
<hideElementsInCurrentOnly>false</hideElementsInCurrentOnly>
<bounds x="363" y="19" width="170" height="111"/>
</OView>
<OView class="oracle.dbtools.crest.swingui.datatypes.TVStructuredType" oid="47E390DE-0671-C4B1-8428-0F45CBEE18F8" otype="StructuredType" vid="DE9793C7-23A5-057D-3869-6E9BD9215EB4">
<hideElementsInCurrentOnly>false</hideElementsInCurrentOnly>
<bounds x="20" y="20" width="100" height="100"/>
</OView>
<OView class="oracle.dbtools.crest.swingui.datatypes.TVStructuredType" oid="5BB6C018-C419-B254-65E7-34866E2CD84B" otype="StructuredType" vid="55FD3192-1019-0D73-631C-ACAD11310621">
<hideElementsInCurrentOnly>false</hideElementsInCurrentOnly>
<bounds x="48" y="213" width="170" height="111"/>
</OView>
<OView class="oracle.dbtools.crest.swingui.datatypes.TVStructuredType" oid="D68F9DB4-EFBB-FDDE-B172-486E83366E83" otype="StructuredType" vid="24F72DEE-74A3-F0C9-664E-3FC47C345E3A">
<hideElementsInCurrentOnly>false</hideElementsInCurrentOnly>
<bounds x="366" y="211" width="170" height="115"/>
</OView>
<OView class="oracle.dbtools.crest.swingui.datatypes.TVStructuredType" oid="F72C39E0-D1CA-8821-2AD7-A1E95A37D3D1" otype="StructuredType" vid="8CFBED25-2CB8-CCEA-659E-98551BD2ABC5">
<hideElementsInCurrentOnly>false</hideElementsInCurrentOnly>
<bounds x="20" y="20" width="100" height="100"/>
</OView>
</objectViews>
<connectors>
<Connector class="oracle.dbtools.crest.swingui.datatypes.TVDTInheritance" oid="2E037AA5-F2D8-BDEF-AA3E-1191C552193C" otype="DTInheritance" vid_source="11503E08-1755-8BBC-7EA8-D64B44CD072C" vid_target="187A7344-116E-7389-6C39-D6DFA0912E52">
<hideElementsInCurrentOnly>false</hideElementsInCurrentOnly>
<backgroundColor>-65536</backgroundColor>
<lineWidth>1</lineWidth>
<points>
<point x="208" y="80"/>
<point x="363" y="80"/>
</points>
</Connector>
<Connector class="oracle.dbtools.crest.swingui.datatypes.TVDTReference" oid="763CF63E-8E28-F46C-B2D2-EAE4F5C40241" otype="DTReference" vid_source="24F72DEE-74A3-F0C9-664E-3FC47C345E3A" vid_target="187A7344-116E-7389-6C39-D6DFA0912E52">
<hideElementsInCurrentOnly>false</hideElementsInCurrentOnly>
<backgroundColor>-16776961</backgroundColor>
<lineWidth>1</lineWidth>
<points>
<point x="449" y="211"/>
<point x="449" y="130"/>
</points>
</Connector>
<Connector class="oracle.dbtools.crest.swingui.datatypes.TVDTReference" oid="98847503-B347-6F3D-1125-2CBF82C8D8C2" otype="DTReference" vid_source="24F72DEE-74A3-F0C9-664E-3FC47C345E3A" vid_target="55FD3192-1019-0D73-631C-ACAD11310621">
<hideElementsInCurrentOnly>false</hideElementsInCurrentOnly>
<backgroundColor>-16776961</backgroundColor>
<lineWidth>1</lineWidth>
<points>
<point x="366" y="268"/>
<point x="218" y="268"/>
</points>
</Connector>
<Connector class="oracle.dbtools.crest.swingui.datatypes.TVDTInheritance" oid="CECDA383-9B0C-B458-2A60-BE47DD349AD3" otype="DTInheritance" vid_source="11503E08-1755-8BBC-7EA8-D64B44CD072C" vid_target="55FD3192-1019-0D73-631C-ACAD11310621">
<hideElementsInCurrentOnly>false</hideElementsInCurrentOnly>
<backgroundColor>-65536</backgroundColor>
<lineWidth>1</lineWidth>
<points>
<point x="128" y="142"/>
<point x="128" y="213"/>
</points>
</Connector>
</connectors>
</Diagram>