<?xml version = '1.0' encoding = 'UTF-8'?>
<StructuredType class="oracle.dbtools.crest.model.design.datatypes.StructuredType" name="people_info" directorySegmentName="seg_0" id="105E8FD0-EB44-82AB-81F3-8655FFB074C6">
<createdBy>626-16</createdBy>
<createdTime>2024-09-25 05:13:21 UTC</createdTime>
<ownerDesignName>MovieDB_Class</ownerDesignName>
<predefined>false</predefined>
<final>false</final>
<instantiable>true</instantiable>
<attributes itemClass="oracle.dbtools.crest.model.design.datatypes.TypeElement">
<Attribute name="name" id="FF5C3C69-B0E2-577B-5325-DB2822934164">
<createdBy>626-16</createdBy>
<createdTime>2024-09-25 05:13:42 UTC</createdTime>
<ownerDesignName>MovieDB_Class</ownerDesignName>
<mandatory>true</mandatory>
<precision>0</precision>
<reference>false</reference>
<scale>0</scale>
<type>05661700-5CBB-4582-4FC8-8C9A3E524F8E</type>
</Attribute>
<Attribute name="address" id="35184D3A-35BE-23AC-F673-94673E3027B9">
<createdBy>626-16</createdBy>
<createdTime>2024-09-25 05:14:16 UTC</createdTime>
<ownerDesignName>MovieDB_Class</ownerDesignName>
<mandatory>false</mandatory>
<precision>0</precision>
<reference>false</reference>
<scale>0</scale>
<type>BB610733-694B-135E-BA79-9E21F81F4819</type>
</Attribute>
<Attribute name="birthdate" id="146D9F43-DA70-4BCF-02E6-2EF985576850">
<createdBy>626-16</createdBy>
<createdTime>2024-09-25 05:14:20 UTC</createdTime>
<ownerDesignName>MovieDB_Class</ownerDesignName>
<mandatory>false</mandatory>
<precision>0</precision>
<reference>false</reference>
<scale>0</scale>
<type>278C1086-8127-CBBA-2D85-C56F325DBF56</type>
</Attribute>
</attributes>
</StructuredType>