<?xml version = '1.0' encoding = 'UTF-8'?>
<StructuredType class="oracle.dbtools.crest.model.design.datatypes.StructuredType" name="exec_info" directorySegmentName="seg_0" id="3E28D5B7-C5BA-DCAD-5B09-A46C751B1480">
<createdBy>626-16</createdBy>
<createdTime>2024-09-25 05:15:59 UTC</createdTime>
<ownerDesignName>MovieDB_Class</ownerDesignName>
<predefined>false</predefined>
<final>true</final>
<inheritanceRelation>2E037AA5-F2D8-BDEF-AA3E-1191C552193C</inheritanceRelation>
<instantiable>true</instantiable>
<parentTypeID>105E8FD0-EB44-82AB-81F3-8655FFB074C6</parentTypeID>
<attributes itemClass="oracle.dbtools.crest.model.design.datatypes.TypeElement">
<Attribute name="netWorth" id="08DD951F-3C17-5F03-9E16-F9D400C3035F">
<createdBy>626-16</createdBy>
<createdTime>2024-09-25 05:16:11 UTC</createdTime>
<ownerDesignName>MovieDB_Class</ownerDesignName>
<mandatory>false</mandatory>
<precision>0</precision>
<reference>false</reference>
<scale>0</scale>
<type>1FBDA7CA-903F-4636-29FB-FB93EF3520EA</type>
</Attribute>
<Attribute name="role" id="FD60BA45-341E-A8AA-09A1-EA1819FF9F9C">
<createdBy>626-16</createdBy>
<createdTime>2024-09-25 05:16:43 UTC</createdTime>
<ownerDesignName>MovieDB_Class</ownerDesignName>
<mandatory>false</mandatory>
<precision>0</precision>
<reference>false</reference>
<scale>0</scale>
<type>05661700-5CBB-4582-4FC8-8C9A3E524F8E</type>
</Attribute>
<Attribute name="family" id="885384A3-EC53-5A7F-74DD-C0ECB309C0CE">
<createdBy>626-16</createdBy>
<createdTime>2024-09-25 05:17:01 UTC</createdTime>
<ownerDesignName>MovieDB_Class</ownerDesignName>
<mandatory>false</mandatory>
<precision>0</precision>
<reference>false</reference>
<referencerelation>763CF63E-8E28-F46C-B2D2-EAE4F5C40241</referencerelation>
<scale>0</scale>
<type>D68F9DB4-EFBB-FDDE-B172-486E83366E83</type>
<referenceID>763CF63E-8E28-F46C-B2D2-EAE4F5C40241</referenceID>
</Attribute>
<Attribute name="e_no" id="08760A80-8D1E-DE16-8459-6CA91D20911D">
<createdBy>626-16</createdBy>
<createdTime>2024-09-25 05:18:02 UTC</createdTime>
<ownerDesignName>MovieDB_Class</ownerDesignName>
<mandatory>true</mandatory>
<precision>0</precision>
<reference>false</reference>
<scale>0</scale>
<type>DD8B124E-99AC-688E-82A8-FE935816E32E</type>
</Attribute>
</attributes>
</StructuredType>