<?xml version = '1.0' encoding = 'UTF-8'?>
<StructuredType class="oracle.dbtools.crest.model.design.datatypes.StructuredType" name="star_info" directorySegmentName="seg_0" id="5BB6C018-C419-B254-65E7-34866E2CD84B">
<createdBy>626-16</createdBy>
<createdTime>2024-09-25 05:20:13 UTC</createdTime>
<ownerDesignName>MovieDB_Class</ownerDesignName>
<predefined>false</predefined>
<final>true</final>
<inheritanceRelation>CECDA383-9B0C-B458-2A60-BE47DD349AD3</inheritanceRelation>
<instantiable>true</instantiable>
<parentTypeID>105E8FD0-EB44-82AB-81F3-8655FFB074C6</parentTypeID>
<attributes itemClass="oracle.dbtools.crest.model.design.datatypes.TypeElement">
<Attribute name="gender" id="94C27E58-1ACF-6ED1-7012-48CF294A7787">
<createdBy>626-16</createdBy>
<createdTime>2024-09-25 05:20:29 UTC</createdTime>
<ownerDesignName>MovieDB_Class</ownerDesignName>
<mandatory>false</mandatory>
<precision>0</precision>
<reference>false</reference>
<scale>0</scale>
<type>18509F1A-F79E-595F-1C29-41177C469CD1</type>
</Attribute>
<Attribute name="family" id="2EB06FC0-F874-28F8-51D3-F9CFA763F23C">
<createdBy>626-16</createdBy>
<createdTime>2024-09-25 05:21:24 UTC</createdTime>
<ownerDesignName>MovieDB_Class</ownerDesignName>
<mandatory>false</mandatory>
<precision>0</precision>
<reference>false</reference>
<referencerelation>98847503-B347-6F3D-1125-2CBF82C8D8C2</referencerelation>
<scale>0</scale>
<type>D68F9DB4-EFBB-FDDE-B172-486E83366E83</type>
<referenceID>98847503-B347-6F3D-1125-2CBF82C8D8C2</referenceID>
</Attribute>
<Attribute name="s_no" id="8071F89D-1990-8981-2FCE-583CD704E84A">
<createdBy>626-16</createdBy>
<createdTime>2024-09-25 05:21:35 UTC</createdTime>
<ownerDesignName>MovieDB_Class</ownerDesignName>
<mandatory>true</mandatory>
<precision>0</precision>
<reference>false</reference>
<scale>0</scale>
<type>DD8B124E-99AC-688E-82A8-FE935816E32E</type>
</Attribute>
</attributes>
</StructuredType>