<?xml version = '1.0' encoding = 'UTF-8'?>
<StructuredType class="oracle.dbtools.crest.model.design.datatypes.StructuredType" name="family_info" directorySegmentName="seg_0" id="D68F9DB4-EFBB-FDDE-B172-486E83366E83">
<createdBy>626-16</createdBy>
<createdTime>2024-09-25 05:14:47 UTC</createdTime>
<ownerDesignName>MovieDB_Class</ownerDesignName>
<predefined>false</predefined>
<final>false</final>
<instantiable>true</instantiable>
<attributes itemClass="oracle.dbtools.crest.model.design.datatypes.TypeElement">
<Attribute name="spouse" id="6ACA7F8A-A511-99A5-8F55-67702A409721">
<createdBy>626-16</createdBy>
<createdTime>2024-09-25 05:14:59 UTC</createdTime>
<ownerDesignName>MovieDB_Class</ownerDesignName>
<mandatory>false</mandatory>
<precision>0</precision>
<reference>false</reference>
<scale>0</scale>
<type>05661700-5CBB-4582-4FC8-8C9A3E524F8E</type>
</Attribute>
<Attribute name="no_child" id="3C430DCE-8D59-8C65-9BE1-8AFBC33EEAE4">
<createdBy>626-16</createdBy>
<createdTime>2024-09-25 05:15:16 UTC</createdTime>
<ownerDesignName>MovieDB_Class</ownerDesignName>
<mandatory>false</mandatory>
<precision>0</precision>
<reference>false</reference>
<scale>0</scale>
<type>B617DEF6-6093-A689-A425-727A37BFBA4A</type>
</Attribute>
</attributes>
</StructuredType>