<?xml version = '1.0' encoding = 'UTF-8'?>
<Table class="oracle.dbtools.crest.model.design.relational.Table" directorySegmentName="seg_0" id="09FE21F0-1D8C-4D2D-D9FB-DD270C0069C8" name="Movie">
<createdBy>626-16</createdBy>
<createdTime>2024-09-04 05:53:06 UTC</createdTime>
<generatorID>17EF8DE7-2410-E127-FF71-84EE99761E20</generatorID>
<ownerDesignName>MovieDB</ownerDesignName>
<allowColumnReorder>false</allowColumnReorder>
<existDependencyGenerateInDDl>true</existDependencyGenerateInDDl>
<parsed>true</parsed>
<columns itemClass="oracle.dbtools.crest.model.design.relational.Column">
<Column name="title" id="C605F11B-1E77-E329-441B-C135ED4C30A9">
<createdBy>626-16</createdBy>
<createdTime>2024-09-04 05:53:06 UTC</createdTime>
<generatorID>95E77BA8-3905-8EC9-38FF-A71C96C0DF89</generatorID>
<ownerDesignName>MovieDB</ownerDesignName>
<use>0</use>
<logicalDatatype>LOGDT024</logicalDatatype>
<domain>710C1885-DA56-F92C-2AA6-3B3A485D4087</domain>
<ownDataTypeParameters>,,</ownDataTypeParameters>
<autoIncrementCycle>false</autoIncrementCycle>
</Column>
<Column name="year" id="C33E066D-9D57-AC8B-823B-C91CF37E0157">
<createdBy>626-16</createdBy>
<createdTime>2024-09-04 05:53:06 UTC</createdTime>
<generatorID>31F1BF2D-18E2-7B62-A146-AA7CAF8CFBF7</generatorID>
<ownerDesignName>MovieDB</ownerDesignName>
<use>0</use>
<logicalDatatype>LOGDT019</logicalDatatype>
<domain>2E1E392E-4D8D-3EBA-E724-82A49CB837BB</domain>
<ownDataTypeParameters>,,</ownDataTypeParameters>
<autoIncrementCycle>false</autoIncrementCycle>
<listOfRanges>
<rangeDef class="oracle.dbtools.crest.model.design.constraint.AVT">
<beginValue>1920</beginValue>
<endValue>2024</endValue>
</rangeDef>
</listOfRanges>
</Column>
<Column name="length" id="7F59D560-FC8B-45DE-2E4A-3CFE44177AF8">
<createdBy>626-16</createdBy>
<createdTime>2024-09-04 05:53:06 UTC</createdTime>
<generatorID>2421A675-271D-9861-9208-B41A70FB3583</generatorID>
<ownerDesignName>MovieDB</ownerDesignName>
<nullsAllowed>true</nullsAllowed>
<use>0</use>
<logicalDatatype>LOGDT019</logicalDatatype>
<domain>6FEAD73E-395E-DFC0-E8F4-F4EF69069C6F</domain>
<ownDataTypeParameters>,,</ownDataTypeParameters>
<autoIncrementCycle>false</autoIncrementCycle>
<listOfRanges>
<rangeDef class="oracle.dbtools.crest.model.design.constraint.AVT">
<beginValue>50</beginValue>
<endValue>300</endValue>
</rangeDef>
</listOfRanges>
</Column>
<Column name="inColor" id="53B374DF-5FE1-15E5-0DA9-0E1666A4F5EA">
<createdBy>626-16</createdBy>
<createdTime>2024-09-04 05:53:06 UTC</createdTime>
<generatorID>2C7B06E8-B01B-53F4-8C6E-DD500D53352E</generatorID>
<ownerDesignName>MovieDB</ownerDesignName>
<nullsAllowed>true</nullsAllowed>
<useDomainConstraints>false</useDomainConstraints>
<use>1</use>
<logicalDatatype>LOGDT025</logicalDatatype>
<dataTypeSize>1</dataTypeSize>
<ownDataTypeParameters>1,,</ownDataTypeParameters>
<autoIncrementCycle>false</autoIncrementCycle>
</Column>
<Column name="Studio_name" id="B959CD1D-E44B-E526-EBCE-F15EB1DEE88F">
<createdBy>626-16</createdBy>
<createdTime>2024-09-04 05:53:06 UTC</createdTime>
<generatorID>6FA38C33-0E33-65CF-D485-C9CE101E09E9</generatorID>
<ownerDesignName>MovieDB</ownerDesignName>
<use>0</use>
<logicalDatatype>LOGDT024</logicalDatatype>
<domain>14C6D348-0CAF-A556-70F8-9525B8D2BDA0</domain>
<ownDataTypeParameters>,,</ownDataTypeParameters>
<previousColumn>false</previousColumn>
<autoIncrementCycle>false</autoIncrementCycle>
<associations>
<colAssociation fkAssociation="1F5AF3C1-5FF6-90D8-2E4C-B39A807D24C2" referredColumn="9E115F48-DFC2-2AA1-3580-67BF58F58498"/>
</associations>
</Column>
</columns>
<indexes itemClass="oracle.dbtools.crest.model.design.relational.Index">
<ind_PK_UK id="3204BCB7-0188-B280-D68E-64590D90E77C" name="Movie_PKey">
<createdBy>626-16</createdBy>
<createdTime>2024-09-04 05:53:06 UTC</createdTime>
<generatorID>89B977F5-C2C1-872D-EC24-B1C733E9BF2F</generatorID>
<ownerDesignName>MovieDB</ownerDesignName>
<pk>true</pk>
<indexState>Primary Constraint</indexState>
<isSurrogateKey>false</isSurrogateKey>
<indexColumnUsage>
<colUsage columnID="C605F11B-1E77-E329-441B-C135ED4C30A9"/>
<colUsage columnID="C33E066D-9D57-AC8B-823B-C91CF37E0157"/>
</indexColumnUsage>
</ind_PK_UK>
<ind_PK_UK id="C0283E85-1FDC-24A6-47D4-939AED76C8FE" name="Owns">
<createdBy>626-16</createdBy>
<createdTime>2024-09-04 05:53:06 UTC</createdTime>
<generatorID>B333B479-5A69-7CDE-9189-217E8421A09D</generatorID>
<ownerDesignName>MovieDB</ownerDesignName>
<indexState>Foreign Key</indexState>
<isSurrogateKey>false</isSurrogateKey>
<indexColumnUsage>
<colUsage columnID="B959CD1D-E44B-E526-EBCE-F15EB1DEE88F"/>
</indexColumnUsage>
</ind_PK_UK>
</indexes>
</Table>