<?xml version = '1.0' encoding = 'UTF-8'?>
<Table class="oracle.dbtools.crest.model.design.relational.Table" directorySegmentName="seg_0" id="103E5E48-05A9-FFD5-9174-1B33C1DF8651" name="MovieStar">
<createdBy>626-16</createdBy>
<createdTime>2024-09-04 05:53:06 UTC</createdTime>
<generatorID>3DFBA2B4-2CE2-181D-D6D3-B0102F7DE233</generatorID>
<ownerDesignName>MovieDB</ownerDesignName>
<allowColumnReorder>false</allowColumnReorder>
<existDependencyGenerateInDDl>true</existDependencyGenerateInDDl>
<parsed>true</parsed>
<columns itemClass="oracle.dbtools.crest.model.design.relational.Column">
<Column name="name" id="5236B9BC-EC6E-415D-4564-5A85BE866D9F">
<createdBy>626-16</createdBy>
<createdTime>2024-09-04 05:53:06 UTC</createdTime>
<generatorID>22447994-092E-BD9F-A8DF-CA0999C33299</generatorID>
<ownerDesignName>MovieDB</ownerDesignName>
<use>0</use>
<logicalDatatype>LOGDT024</logicalDatatype>
<domain>14C6D348-0CAF-A556-70F8-9525B8D2BDA0</domain>
<ownDataTypeParameters>,,</ownDataTypeParameters>
<autoIncrementCycle>false</autoIncrementCycle>
</Column>
<Column name="address" id="DB6F4A2A-0763-5882-C407-B8DD851D4798">
<createdBy>626-16</createdBy>
<createdTime>2024-09-04 05:53:06 UTC</createdTime>
<generatorID>2EBE6D93-5096-7E1A-A79C-2E8122AB3EBB</generatorID>
<ownerDesignName>MovieDB</ownerDesignName>
<nullsAllowed>true</nullsAllowed>
<use>0</use>
<logicalDatatype>LOGDT024</logicalDatatype>
<domain>9BA141E0-1EC4-C592-B0B7-A143016AB18C</domain>
<ownDataTypeParameters>,,</ownDataTypeParameters>
<autoIncrementCycle>false</autoIncrementCycle>
</Column>
<Column name="gender" id="896B1D05-C2E4-9DE4-B8AC-7ED28A386DEC">
<createdBy>626-16</createdBy>
<createdTime>2024-09-04 05:53:06 UTC</createdTime>
<generatorID>6066771E-F90D-1779-5E3E-E1351BC20BB9</generatorID>
<ownerDesignName>MovieDB</ownerDesignName>
<nullsAllowed>true</nullsAllowed>
<use>0</use>
<logicalDatatype>LOGDT025</logicalDatatype>
<domain>7EC48796-1F01-B076-196B-E9F58BB2CBD9</domain>
<ownDataTypeParameters>,,</ownDataTypeParameters>
<autoIncrementCycle>false</autoIncrementCycle>
</Column>
<Column name="birthdate" id="EBF0B588-E609-7F1E-5797-81364958F039">
<createdBy>626-16</createdBy>
<createdTime>2024-09-04 05:53:06 UTC</createdTime>
<generatorID>6B10A7C3-8CEE-1E91-CF9E-845DE2549C81</generatorID>
<ownerDesignName>MovieDB</ownerDesignName>
<nullsAllowed>true</nullsAllowed>
<useDomainConstraints>false</useDomainConstraints>
<use>1</use>
<logicalDatatype>LOGDT007</logicalDatatype>
<ownDataTypeParameters>,,</ownDataTypeParameters>
<autoIncrementCycle>false</autoIncrementCycle>
</Column>
</columns>
<indexes itemClass="oracle.dbtools.crest.model.design.relational.Index">
<ind_PK_UK id="B57DB147-F2E8-67FB-3C5F-0D2194D68E0F" name="MovieStar_PK">
<createdBy>626-16</createdBy>
<createdTime>2024-09-04 05:53:06 UTC</createdTime>
<generatorID>AF67FA94-B0B5-8E2D-7754-984EE5F45B3B</generatorID>
<ownerDesignName>MovieDB</ownerDesignName>
<pk>true</pk>
<indexState>Primary Constraint</indexState>
<isSurrogateKey>false</isSurrogateKey>
<indexColumnUsage>
<colUsage columnID="5236B9BC-EC6E-415D-4564-5A85BE866D9F"/>
</indexColumnUsage>
</ind_PK_UK>
</indexes>
</Table>