<?xml version = '1.0' encoding = 'UTF-8'?>
<Table class="oracle.dbtools.crest.model.design.relational.Table" directorySegmentName="seg_0" id="30A168BA-723B-2C12-D10C-F6311A325738" name="StarsIn">
<createdBy>626-16</createdBy>
<createdTime>2024-09-04 05:53:06 UTC</createdTime>
<ownerDesignName>MovieDB</ownerDesignName>
<allowColumnReorder>false</allowColumnReorder>
<existDependencyGenerateInDDl>true</existDependencyGenerateInDDl>
<parsed>true</parsed>
<columns itemClass="oracle.dbtools.crest.model.design.relational.Column">
<Column name="Movie_title" id="55D2F7D8-946C-FCF9-CC99-C6C76395A64E">
<createdBy>626-16</createdBy>
<createdTime>2024-09-04 05:53:06 UTC</createdTime>
<ownerDesignName>MovieDB</ownerDesignName>
<use>0</use>
<logicalDatatype>LOGDT024</logicalDatatype>
<domain>710C1885-DA56-F92C-2AA6-3B3A485D4087</domain>
<ownDataTypeParameters>,,</ownDataTypeParameters>
<previousColumn>false</previousColumn>
<autoIncrementCycle>false</autoIncrementCycle>
<associations>
<colAssociation fkAssociation="A5A64C79-CB41-4D3D-A20F-806C970089C8" referredColumn="C605F11B-1E77-E329-441B-C135ED4C30A9"/>
</associations>
</Column>
<Column name="Movie_year" id="229CEF20-76D3-5A49-FA98-2AE3B6576943">
<createdBy>626-16</createdBy>
<createdTime>2024-09-04 05:53:06 UTC</createdTime>
<ownerDesignName>MovieDB</ownerDesignName>
<use>0</use>
<logicalDatatype>LOGDT019</logicalDatatype>
<domain>2E1E392E-4D8D-3EBA-E724-82A49CB837BB</domain>
<ownDataTypeParameters>,,</ownDataTypeParameters>
<previousColumn>false</previousColumn>
<autoIncrementCycle>false</autoIncrementCycle>
<listOfRanges>
<rangeDef class="oracle.dbtools.crest.model.design.constraint.AVT">
<beginValue>1920</beginValue>
<endValue>2024</endValue>
</rangeDef>
</listOfRanges>
<associations>
<colAssociation fkAssociation="A5A64C79-CB41-4D3D-A20F-806C970089C8" referredColumn="C33E066D-9D57-AC8B-823B-C91CF37E0157"/>
</associations>
</Column>
<Column name="Starname" id="BCB3965B-9FF0-6759-2382-AC5C54BA4552">
<createdBy>626-16</createdBy>
<createdTime>2024-09-04 05:53:06 UTC</createdTime>
<ownerDesignName>MovieDB</ownerDesignName>
<use>0</use>
<logicalDatatype>LOGDT024</logicalDatatype>
<domain>14C6D348-0CAF-A556-70F8-9525B8D2BDA0</domain>
<ownDataTypeParameters>,,</ownDataTypeParameters>
<previousColumn>false</previousColumn>
<autoIncrementCycle>false</autoIncrementCycle>
<associations>
<colAssociation fkAssociation="CA72B86C-8703-0BF3-C249-F373FE557B01" referredColumn="5236B9BC-EC6E-415D-4564-5A85BE866D9F"/>
</associations>
</Column>
<Column name="Gurantee" id="B2E19300-E2C4-5F01-5E63-D16C74AD0D6A">
<createdBy>626-16</createdBy>
<createdTime>2024-09-04 05:53:06 UTC</createdTime>
<generatorID>28E40B28-AFC5-FB14-DF3D-F05F18D5A02D</generatorID>
<ownerDesignName>MovieDB</ownerDesignName>
<nullsAllowed>true</nullsAllowed>
<useDomainConstraints>false</useDomainConstraints>
<use>1</use>
<logicalDatatype>LOGDT019</logicalDatatype>
<dataTypePrecision>30</dataTypePrecision>
<dataTypeScale>0</dataTypeScale>
<ownDataTypeParameters>,30,0</ownDataTypeParameters>
<autoIncrementCycle>false</autoIncrementCycle>
<isRelationshipColumn>true</isRelationshipColumn>
</Column>
</columns>
<indexes itemClass="oracle.dbtools.crest.model.design.relational.Index">
<ind_PK_UK id="F14E3C19-D474-E01C-3D15-A243AA2EEC3A" name="StarsIn_PK">
<createdBy>626-16</createdBy>
<createdTime>2024-09-04 05:53:06 UTC</createdTime>
<ownerDesignName>MovieDB</ownerDesignName>
<pk>true</pk>
<indexState>Primary Constraint</indexState>
<isSurrogateKey>false</isSurrogateKey>
<indexColumnUsage>
<colUsage columnID="55D2F7D8-946C-FCF9-CC99-C6C76395A64E"/>
<colUsage columnID="229CEF20-76D3-5A49-FA98-2AE3B6576943"/>
<colUsage columnID="BCB3965B-9FF0-6759-2382-AC5C54BA4552"/>
</indexColumnUsage>
</ind_PK_UK>
<ind_PK_UK id="EE611709-5500-4AB9-8C24-57FC06A43940" name="StarsIn_Movie_FK">
<createdBy>626-16</createdBy>
<createdTime>2024-09-04 05:53:06 UTC</createdTime>
<generatorID>B3FBE7E4-7409-AC45-DDC6-DC4AF38236CF</generatorID>
<ownerDesignName>MovieDB</ownerDesignName>
<indexState>Foreign Key</indexState>
<isSurrogateKey>false</isSurrogateKey>
<indexColumnUsage>
<colUsage columnID="55D2F7D8-946C-FCF9-CC99-C6C76395A64E"/>
<colUsage columnID="229CEF20-76D3-5A49-FA98-2AE3B6576943"/>
</indexColumnUsage>
</ind_PK_UK>
<ind_PK_UK id="FBFDC247-6479-3353-A796-87E006B6C5C1" name="StarsIn_MovieStar_FK">
<createdBy>626-16</createdBy>
<createdTime>2024-09-04 05:53:06 UTC</createdTime>
<generatorID>B3FBE7E4-7409-AC45-DDC6-DC4AF38236CF</generatorID>
<ownerDesignName>MovieDB</ownerDesignName>
<indexState>Foreign Key</indexState>
<isSurrogateKey>false</isSurrogateKey>
<indexColumnUsage>
<colUsage columnID="BCB3965B-9FF0-6759-2382-AC5C54BA4552"/>
</indexColumnUsage>
</ind_PK_UK>
</indexes>
</Table>