<?xml version = '1.0' encoding = 'UTF-8'?>
<Table class="oracle.dbtools.crest.model.design.relational.Table" directorySegmentName="seg_0" id="EE124612-FB6C-AAA1-1418-B828BC275E47" name="Studio">
<createdBy>626-16</createdBy>
<createdTime>2024-09-04 05:53:06 UTC</createdTime>
<generatorID>C49CF00E-0A81-9439-D594-765849CBF5D7</generatorID>
<ownerDesignName>MovieDB</ownerDesignName>
<allowColumnReorder>false</allowColumnReorder>
<existDependencyGenerateInDDl>true</existDependencyGenerateInDDl>
<parsed>true</parsed>
<columns itemClass="oracle.dbtools.crest.model.design.relational.Column">
<Column name="name" id="9E115F48-DFC2-2AA1-3580-67BF58F58498">
<createdBy>626-16</createdBy>
<createdTime>2024-09-04 05:53:06 UTC</createdTime>
<generatorID>C4A992E5-17F0-4B0E-61D6-47825E1A186A</generatorID>
<ownerDesignName>MovieDB</ownerDesignName>
<use>0</use>
<logicalDatatype>LOGDT024</logicalDatatype>
<domain>14C6D348-0CAF-A556-70F8-9525B8D2BDA0</domain>
<ownDataTypeParameters>,,</ownDataTypeParameters>
<autoIncrementCycle>false</autoIncrementCycle>
</Column>
<Column name="address" id="82C56AC7-4563-F3AD-50B5-4870D1AD766E">
<createdBy>626-16</createdBy>
<createdTime>2024-09-04 05:53:06 UTC</createdTime>
<generatorID>A3F772F0-4225-F084-1DEF-95272AF6C501</generatorID>
<ownerDesignName>MovieDB</ownerDesignName>
<nullsAllowed>true</nullsAllowed>
<use>0</use>
<logicalDatatype>LOGDT024</logicalDatatype>
<domain>9BA141E0-1EC4-C592-B0B7-A143016AB18C</domain>
<ownDataTypeParameters>,,</ownDataTypeParameters>
<autoIncrementCycle>false</autoIncrementCycle>
</Column>
<Column name="presNo" id="F113C262-A2CF-61AC-BCEA-B320BC34E8FD">
<createdBy>626-16</createdBy>
<createdTime>2024-09-04 05:53:06 UTC</createdTime>
<generatorID>2F5B4AE9-B4ED-C8FE-5E02-2D95E0128641</generatorID>
<ownerDesignName>MovieDB</ownerDesignName>
<nullsAllowed>true</nullsAllowed>
<useDomainConstraints>false</useDomainConstraints>
<use>1</use>
<logicalDatatype>LOGDT024</logicalDatatype>
<dataTypeSize>50</dataTypeSize>
<ownDataTypeParameters>,,</ownDataTypeParameters>
<previousColumn>false</previousColumn>
<autoIncrementCycle>false</autoIncrementCycle>
<associations>
<colAssociation fkAssociation="B8937D17-AC09-7832-01B1-FFB45A495C83" referredColumn="A12D9267-766A-CE5F-C74D-2BD47EC4B346"/>
</associations>
</Column>
<Column name="Payment" id="B0DC0A04-2F2A-9427-B97C-D5020CDAC1D0">
<createdBy>626-16</createdBy>
<createdTime>2024-09-04 05:53:06 UTC</createdTime>
<generatorID>D0EE9782-382E-BD00-03FE-98C4568F9056</generatorID>
<ownerDesignName>MovieDB</ownerDesignName>
<nullsAllowed>true</nullsAllowed>
<useDomainConstraints>false</useDomainConstraints>
<use>1</use>
<logicalDatatype>LOGDT019</logicalDatatype>
<dataTypePrecision>20</dataTypePrecision>
<dataTypeScale>0</dataTypeScale>
<ownDataTypeParameters>,20,0</ownDataTypeParameters>
<autoIncrementCycle>false</autoIncrementCycle>
<isRelationshipColumn>true</isRelationshipColumn>
<dependOnForeignKeyID>B8937D17-AC09-7832-01B1-FFB45A495C83</dependOnForeignKeyID>
</Column>
</columns>
<indexes itemClass="oracle.dbtools.crest.model.design.relational.Index">
<ind_PK_UK id="F86A5379-0D4E-3982-3D9E-8E8BCA8E0333" name="Studio_PK">
<createdBy>626-16</createdBy>
<createdTime>2024-09-04 05:53:06 UTC</createdTime>
<generatorID>E1E33272-1DB6-10E1-6FE7-CA3950865DAF</generatorID>
<ownerDesignName>MovieDB</ownerDesignName>
<pk>true</pk>
<indexState>Primary Constraint</indexState>
<isSurrogateKey>false</isSurrogateKey>
<indexColumnUsage>
<colUsage columnID="9E115F48-DFC2-2AA1-3580-67BF58F58498"/>
</indexColumnUsage>
</ind_PK_UK>
<ind_PK_UK id="B0AC20F0-556B-3191-559C-6C2900E04338" name="Studio__IDX">
<createdBy>626-16</createdBy>
<createdTime>2024-09-04 05:53:06 UTC</createdTime>
<ownerDesignName>MovieDB</ownerDesignName>
<indexState>Unique Plain Index</indexState>
<isSurrogateKey>false</isSurrogateKey>
<relationGeneratorID>FA4687A4-A731-8A96-1F3F-1EF77C303D08</relationGeneratorID>
<indexColumnUsage>
<colUsage columnID="F113C262-A2CF-61AC-BCEA-B320BC34E8FD"/>
</indexColumnUsage>
</ind_PK_UK>
<ind_PK_UK id="4CD0F98A-38A0-1951-F15B-B06A7DC4C425" name="Runs">
<createdBy>626-16</createdBy>
<createdTime>2024-09-04 05:53:06 UTC</createdTime>
<generatorID>FA4687A4-A731-8A96-1F3F-1EF77C303D08</generatorID>
<ownerDesignName>MovieDB</ownerDesignName>
<indexState>Foreign Key</indexState>
<isSurrogateKey>false</isSurrogateKey>
<indexColumnUsage>
<colUsage columnID="F113C262-A2CF-61AC-BCEA-B320BC34E8FD"/>
</indexColumnUsage>
</ind_PK_UK>
</indexes>
</Table>