<?xml version = '1.0' encoding = 'UTF-8'?>
<DomainFile class="oracle.dbtools.crest.model.design.DomainFileWrapper" fileName="MovieDB">
<domains>
<Domain class="oracle.dbtools.crest.model.design.Domain" name="name_dom" id="14C6D348-0CAF-A556-70F8-9525B8D2BDA0">
<createdBy>626-16</createdBy>
<createdTime>2024-09-04 05:04:38 UTC</createdTime>
<ownerDesignName>MovieDB</ownerDesignName>
<avTSortOrder>0</avTSortOrder>
<dataTypeSize>50</dataTypeSize>
<fileName>MovieDB</fileName>
<logicalDatatype>LOGDT024</logicalDatatype>
</Domain>
<Domain class="oracle.dbtools.crest.model.design.Domain" name="yr_dom" id="2E1E392E-4D8D-3EBA-E724-82A49CB837BB">
<createdBy>626-16</createdBy>
<createdTime>2024-09-04 04:46:55 UTC</createdTime>
<ownerDesignName>MovieDB</ownerDesignName>
<avTSortOrder>0</avTSortOrder>
<dataTypePrecision>4</dataTypePrecision>
<fileName>MovieDB</fileName>
<logicalDatatype>LOGDT019</logicalDatatype>
<listOfRanges>
<rangeDef class="oracle.dbtools.crest.model.design.constraint.AVT">
<beginValue>1920</beginValue>
<endValue>2024</endValue>
</rangeDef>
</listOfRanges>
</Domain>
<Domain class="oracle.dbtools.crest.model.design.Domain" name="len_dom" id="6FEAD73E-395E-DFC0-E8F4-F4EF69069C6F">
<createdBy>626-16</createdBy>
<createdTime>2024-09-04 05:03:33 UTC</createdTime>
<ownerDesignName>MovieDB</ownerDesignName>
<avTSortOrder>0</avTSortOrder>
<dataTypeSize>3</dataTypeSize>
<fileName>MovieDB</fileName>
<logicalDatatype>LOGDT019</logicalDatatype>
<listOfRanges>
<rangeDef class="oracle.dbtools.crest.model.design.constraint.AVT">
<beginValue>50</beginValue>
<endValue>300</endValue>
</rangeDef>
</listOfRanges>
</Domain>
<Domain class="oracle.dbtools.crest.model.design.Domain" name="tit_dom" id="710C1885-DA56-F92C-2AA6-3B3A485D4087">
<createdBy>626-16</createdBy>
<createdTime>2024-09-04 04:44:38 UTC</createdTime>
<ownerDesignName>MovieDB</ownerDesignName>
<avTSortOrder>0</avTSortOrder>
<dataTypeSize>100</dataTypeSize>
<fileName>MovieDB</fileName>
<logicalDatatype>LOGDT024</logicalDatatype>
</Domain>
<Domain class="oracle.dbtools.crest.model.design.Domain" name="gender_dom" id="7EC48796-1F01-B076-196B-E9F58BB2CBD9">
<createdBy>626-16</createdBy>
<createdTime>2024-09-04 05:06:04 UTC</createdTime>
<ownerDesignName>MovieDB</ownerDesignName>
<avTSortOrder>0</avTSortOrder>
<dataTypeSize>6</dataTypeSize>
<fileName>MovieDB</fileName>
<logicalDatatype>LOGDT025</logicalDatatype>
<listOfValues>
<valueDef value="female" description=""/>
<valueDef value="male" description=""/>
</listOfValues>
</Domain>
<Domain class="oracle.dbtools.crest.model.design.Domain" name="addr_dom" id="9BA141E0-1EC4-C592-B0B7-A143016AB18C">
<createdBy>626-16</createdBy>
<createdTime>2024-09-04 05:05:01 UTC</createdTime>
<ownerDesignName>MovieDB</ownerDesignName>
<avTSortOrder>0</avTSortOrder>
<dataTypeSize>200</dataTypeSize>
<fileName>MovieDB</fileName>
<logicalDatatype>LOGDT024</logicalDatatype>
</Domain>
</domains>
</DomainFile>