<?xml version = '1.0' encoding = 'UTF-8'?>
<DomainFile class="oracle.dbtools.crest.model.design.DomainFileWrapper" fileName="MovieDB_2023">
<domains>
<Domain class="oracle.dbtools.crest.model.design.Domain" name="networth" id="2E6BE97D-1EF9-B886-E694-F40472F1397D">
<createdBy>shhong</createdBy>
<createdTime>2023-09-04 15:05:15 UTC</createdTime>
<ownerDesignName>MovieDB</ownerDesignName>
<avTSortOrder>0</avTSortOrder>
<dataTypePrecision>14</dataTypePrecision>
<fileName>MovieDB_2023</fileName>
<logicalDatatype>LOGDT019</logicalDatatype>
<listOfRanges>
<rangeDef class="oracle.dbtools.crest.model.design.constraint.AVT">
<beginValue>10000</beginValue>
</rangeDef>
</listOfRanges>
</Domain>
<Domain class="oracle.dbtools.crest.model.design.Domain" name="length" id="3CF0AB81-10EA-703B-B10D-B10EFED895FE">
<createdBy>shhong</createdBy>
<createdTime>2023-09-04 15:03:08 UTC</createdTime>
<ownerDesignName>MovieDB</ownerDesignName>
<avTSortOrder>0</avTSortOrder>
<dataTypePrecision>3</dataTypePrecision>
<fileName>MovieDB_2023</fileName>
<logicalDatatype>LOGDT019</logicalDatatype>
<listOfRanges>
<rangeDef class="oracle.dbtools.crest.model.design.constraint.AVT">
<beginValue>50</beginValue>
<endValue>300</endValue>
</rangeDef>
</listOfRanges>
</Domain>
<Domain class="oracle.dbtools.crest.model.design.Domain" name="address" id="3FD9789E-FCAC-1897-CD81-0FFCD28165B1">
<createdBy>shhong</createdBy>
<createdTime>2023-09-04 15:04:22 UTC</createdTime>
<ownerDesignName>MovieDB</ownerDesignName>
<avTSortOrder>0</avTSortOrder>
<dataTypeSize>100</dataTypeSize>
<fileName>MovieDB_2023</fileName>
<logicalDatatype>LOGDT024</logicalDatatype>
</Domain>
<Domain class="oracle.dbtools.crest.model.design.Domain" name="year" id="4A6C2BF1-6EAC-7A6A-0942-90F72BAD5895">
<createdBy>shhong</createdBy>
<createdTime>2023-09-04 15:02:38 UTC</createdTime>
<ownerDesignName>MovieDB</ownerDesignName>
<avTSortOrder>0</avTSortOrder>
<dataTypePrecision>4</dataTypePrecision>
<fileName>MovieDB_2023</fileName>
<logicalDatatype>LOGDT019</logicalDatatype>
<listOfRanges>
<rangeDef class="oracle.dbtools.crest.model.design.constraint.AVT">
<beginValue>1900</beginValue>
<endValue>2023</endValue>
</rangeDef>
</listOfRanges>
</Domain>
<Domain class="oracle.dbtools.crest.model.design.Domain" name="gender" id="770905C1-4757-4237-6599-5A71CE388637">
<createdBy>shhong</createdBy>
<createdTime>2023-09-04 15:04:39 UTC</createdTime>
<ownerDesignName>MovieDB</ownerDesignName>
<avTSortOrder>0</avTSortOrder>
<dataTypeSize>6</dataTypeSize>
<fileName>MovieDB_2023</fileName>
<logicalDatatype>LOGDT025</logicalDatatype>
<listOfValues>
<valueDef value="female" description=""/>
<valueDef value="male" description=""/>
</listOfValues>
</Domain>
<Domain class="oracle.dbtools.crest.model.design.Domain" name="inColor" id="8CDD0428-DFA5-B2FE-0056-D240D1CE0989">
<createdBy>shhong</createdBy>
<createdTime>2023-09-04 15:03:48 UTC</createdTime>
<ownerDesignName>MovieDB</ownerDesignName>
<avTSortOrder>0</avTSortOrder>
<dataTypeSize>1</dataTypeSize>
<fileName>MovieDB_2023</fileName>
<logicalDatatype>LOGDT025</logicalDatatype>
<listOfValues>
<valueDef value="f" description=""/>
<valueDef value="t" description=""/>
</listOfValues>
</Domain>
<Domain class="oracle.dbtools.crest.model.design.Domain" name="certno" id="B785B301-F957-EEA4-8413-D12A92E0EA0F">
<createdBy>shhong</createdBy>
<createdTime>2023-09-04 15:06:05 UTC</createdTime>
<ownerDesignName>MovieDB</ownerDesignName>
<avTSortOrder>0</avTSortOrder>
<dataTypePrecision>8</dataTypePrecision>
<fileName>MovieDB_2023</fileName>
<logicalDatatype>LOGDT019</logicalDatatype>
<checkConstraint>
<implementationDef dbType="Oracle Database 12c" definition="%COLUMN%  &gt;= 0"/>
</checkConstraint>
</Domain>
<Domain class="oracle.dbtools.crest.model.design.Domain" name="names" id="C90E781C-C6C3-18F9-48FD-1E48C7A73E2E">
<createdBy>shhong</createdBy>
<createdTime>2023-09-04 15:03:33 UTC</createdTime>
<ownerDesignName>MovieDB</ownerDesignName>
<avTSortOrder>0</avTSortOrder>
<dataTypeSize>50</dataTypeSize>
<fileName>MovieDB_2023</fileName>
<logicalDatatype>LOGDT024</logicalDatatype>
</Domain>
<Domain class="oracle.dbtools.crest.model.design.Domain" name="title" id="E7ECC455-A9A7-B4CA-3BA7-2F30F8C402F2">
<createdBy>shhong</createdBy>
<createdTime>2023-09-04 15:01:59 UTC</createdTime>
<ownerDesignName>MovieDB</ownerDesignName>
<avTSortOrder>0</avTSortOrder>
<dataTypeSize>100</dataTypeSize>
<fileName>MovieDB_2023</fileName>
<logicalDatatype>LOGDT024</logicalDatatype>
</Domain>
</domains>
</DomainFile>