<?xml version = '1.0' encoding = 'UTF-8'?>
<Diagram class="oracle.dbtools.crest.swingui.relational.DPVRelational" name="Relational_1" id="8CB36694-DABB-77D9-E803-A2E3F9D1C83D">
<createdBy>shhong</createdBy>
<modifiedBy>shhong</modifiedBy>
<createdTime>2024-09-11 02:21:30 UTC</createdTime>
<autoRoute>false</autoRoute>
<boxInbox>true</boxInbox>
<showLegend>false</showLegend>
<showLabels>false</showLabels>
<showRelAttributes>false</showRelAttributes>
<gridEnabled>false</gridEnabled>
<showGrid>false</showGrid>
<diagramColor>-1</diagramColor>
<display>false</display>
<notation>1</notation>
<objectViews>
<OView class="oracle.dbtools.crest.swingui.relational.TVTable" oid="2437CCFD-8F6F-2B73-665F-06F16438A3DC" otype="Table" vid="9D987645-378E-26D9-DDAF-C5CC2B44A11C">
<hideElementsInCurrentOnly>false</hideElementsInCurrentOnly>
<bounds x="21" y="5" width="228" height="141"/>
</OView>
<OView class="oracle.dbtools.crest.swingui.relational.TVTable" oid="2F25D557-6287-2B5B-50BF-2DDEFBD9D626" otype="Table" vid="A3C1B46F-329E-4D59-219B-197297B0E5C7">
<hideElementsInCurrentOnly>false</hideElementsInCurrentOnly>
<bounds x="330" y="25" width="210" height="116"/>
</OView>
<OView class="oracle.dbtools.crest.swingui.relational.TVTable" oid="600252DC-C271-4A83-2F6C-3E9206D5AA50" otype="Table" vid="DCECC42C-8EAA-6584-699C-0B4723357399">
<hideElementsInCurrentOnly>false</hideElementsInCurrentOnly>
<bounds x="24" y="178" width="299" height="151"/>
</OView>
<OView class="oracle.dbtools.crest.swingui.relational.TVTable" oid="B342A99E-5EA9-C0B2-DB22-63F2822F6B93" otype="Table" vid="827C7EFF-C6A3-8E44-153D-851371BBB742">
<hideElementsInCurrentOnly>false</hideElementsInCurrentOnly>
<bounds x="418" y="228" width="237" height="149"/>
</OView>
<OView class="oracle.dbtools.crest.swingui.relational.TVTable" oid="EC2DF53E-6E34-FB4A-2BE1-2E0F55053BAE" otype="Table" vid="222F1E3B-1CB8-7A67-A05B-69A9CEFF9EEC">
<hideElementsInCurrentOnly>false</hideElementsInCurrentOnly>
<bounds x="21" y="403" width="223" height="131"/>
</OView>
<OView class="oracle.dbtools.crest.swingui.relational.TVTable" oid="FCA2B5DF-63F9-D90E-9ED8-F8214CA2A04B" otype="Table" vid="23483A2B-4107-8559-F4D1-F8350092C4E8">
<hideElementsInCurrentOnly>false</hideElementsInCurrentOnly>
<bounds x="619" y="16" width="187" height="181"/>
<useDefaultColor>false</useDefaultColor>
<backgroundColor>-13057</backgroundColor>
<foregroundColor>-16776961</foregroundColor>
</OView>
</objectViews>
<connectors>
<Connector class="oracle.dbtools.crest.swingui.relational.TVFKRelation" oid="2B68F907-41AC-E3B0-FF83-F5F2BE811378" otype="FKIndexAssociation" vid_source="827C7EFF-C6A3-8E44-153D-851371BBB742" vid_target="222F1E3B-1CB8-7A67-A05B-69A9CEFF9EEC">
<hideElementsInCurrentOnly>false</hideElementsInCurrentOnly>
<backgroundColor>-16777216</backgroundColor>
<lineWidth>1</lineWidth>
<points>
<point x="418" y="351"/>
<point x="244" y="422"/>
</points>
</Connector>
<Connector class="oracle.dbtools.crest.swingui.relational.TVFKRelation" oid="31C01115-9697-06CC-21BA-596409183367" otype="FKIndexAssociation" vid_source="A3C1B46F-329E-4D59-219B-197297B0E5C7" vid_target="23483A2B-4107-8559-F4D1-F8350092C4E8">
<hideElementsInCurrentOnly>false</hideElementsInCurrentOnly>
<backgroundColor>-16777216</backgroundColor>
<lineWidth>1</lineWidth>
<points>
<point x="540" y="83"/>
<point x="619" y="83"/>
</points>
</Connector>
<Connector class="oracle.dbtools.crest.swingui.relational.TVFKRelation" oid="40BEBD49-8002-853D-C3FA-82227DAD8D5E" otype="FKIndexAssociation" vid_source="827C7EFF-C6A3-8E44-153D-851371BBB742" vid_target="23483A2B-4107-8559-F4D1-F8350092C4E8">
<hideElementsInCurrentOnly>false</hideElementsInCurrentOnly>
<backgroundColor>-16777216</backgroundColor>
<lineWidth>1</lineWidth>
<points>
<point x="655" y="305"/>
<point x="705" y="305"/>
<point x="705" y="197"/>
</points>
</Connector>
<Connector class="oracle.dbtools.crest.swingui.relational.TVFKRelation" oid="41CE4D37-0870-4718-8B58-3578BBE49908" otype="FKIndexAssociation" vid_source="222F1E3B-1CB8-7A67-A05B-69A9CEFF9EEC" vid_target="23483A2B-4107-8559-F4D1-F8350092C4E8">
<hideElementsInCurrentOnly>false</hideElementsInCurrentOnly>
<backgroundColor>-16777216</backgroundColor>
<lineWidth>1</lineWidth>
<points>
<point x="126" y="403"/>
<point x="126" y="391"/>
<point x="745" y="394"/>
<point x="745" y="197"/>
</points>
</Connector>
<Connector class="oracle.dbtools.crest.swingui.relational.TVFKRelation" oid="43283A86-6E7E-9CD7-A762-353291648779" otype="FKIndexAssociation" vid_source="9D987645-378E-26D9-DDAF-C5CC2B44A11C" vid_target="DCECC42C-8EAA-6584-699C-0B4723357399">
<hideElementsInCurrentOnly>false</hideElementsInCurrentOnly>
<backgroundColor>-16777216</backgroundColor>
<lineWidth>1</lineWidth>
<points>
<point x="136" y="146"/>
<point x="136" y="178"/>
</points>
</Connector>
<Connector class="oracle.dbtools.crest.swingui.relational.TVFKRelation" oid="572DACD2-695F-5AFD-8CE2-195CBEF06B80" otype="FKIndexAssociation" vid_source="A3C1B46F-329E-4D59-219B-197297B0E5C7" vid_target="9D987645-378E-26D9-DDAF-C5CC2B44A11C">
<hideElementsInCurrentOnly>false</hideElementsInCurrentOnly>
<backgroundColor>-16777216</backgroundColor>
<lineWidth>1</lineWidth>
<points>
<point x="330" y="83"/>
<point x="249" y="83"/>
</points>
</Connector>
<Connector class="oracle.dbtools.crest.swingui.relational.TVFKRelation" oid="950C8085-E582-C5B4-0389-9A055899AAB1" otype="FKIndexAssociation" vid_source="827C7EFF-C6A3-8E44-153D-851371BBB742" vid_target="A3C1B46F-329E-4D59-219B-197297B0E5C7">
<hideElementsInCurrentOnly>false</hideElementsInCurrentOnly>
<backgroundColor>-16777216</backgroundColor>
<lineWidth>1</lineWidth>
<points>
<point x="479" y="228"/>
<point x="479" y="141"/>
</points>
</Connector>
<Connector class="oracle.dbtools.crest.swingui.relational.TVFKRelation" oid="CADE9701-7AC1-F99E-6664-2E2721A4906B" otype="FKIndexAssociation" vid_source="222F1E3B-1CB8-7A67-A05B-69A9CEFF9EEC" vid_target="DCECC42C-8EAA-6584-699C-0B4723357399">
<hideElementsInCurrentOnly>false</hideElementsInCurrentOnly>
<backgroundColor>-16777216</backgroundColor>
<lineWidth>1</lineWidth>
<points>
<point x="149" y="403"/>
<point x="149" y="329"/>
</points>
</Connector>
</connectors>
</Diagram>