<?xml version = '1.0' encoding = 'UTF-8'?>
<Table class="oracle.dbtools.crest.model.design.relational.Table" directorySegmentName="seg_0" id="2F25D557-6287-2B5B-50BF-2DDEFBD9D626" name="Studio">
<createdBy>shhon</createdBy>
<createdTime>2024-09-11 05:39:04 UTC</createdTime>
<generatorID>88356533-5734-8223-04E9-2250A396A37F</generatorID>
<ownerDesignName>MovieDB_Class</ownerDesignName>
<allowColumnReorder>false</allowColumnReorder>
<existDependencyGenerateInDDl>true</existDependencyGenerateInDDl>
<parsed>true</parsed>
<columns itemClass="oracle.dbtools.crest.model.design.relational.Column">
<Column name="name" id="79F12EC8-60A9-6768-3551-6786FB3D2C3D">
<createdBy>shhon</createdBy>
<createdTime>2024-09-11 05:39:04 UTC</createdTime>
<generatorID>2A42DEBF-F7A0-B62C-0C0D-E42EC34C4DF4</generatorID>
<ownerDesignName>MovieDB_Class</ownerDesignName>
<use>0</use>
<logicalDatatype>LOGDT024</logicalDatatype>
<domain>05661700-5CBB-4582-4FC8-8C9A3E524F8E</domain>
<ownDataTypeParameters>,,</ownDataTypeParameters>
<autoIncrementCycle>false</autoIncrementCycle>
</Column>
<Column name="presNo" id="667D2C14-EFA1-A46D-06AF-AE463E1F2B9A">
<createdBy>shhon</createdBy>
<createdTime>2024-09-11 05:39:04 UTC</createdTime>
<generatorID>39C59A39-0B99-6B9A-434F-9859D7F86F9E</generatorID>
<ownerDesignName>MovieDB_Class</ownerDesignName>
<nullsAllowed>true</nullsAllowed>
<useDomainConstraints>false</useDomainConstraints>
<use>0</use>
<logicalDatatype>LOGDT019</logicalDatatype>
<dataTypePrecision>8</dataTypePrecision>
<domain>CE133EA7-C930-E7A1-A9C7-B6B38813555D</domain>
<ownDataTypeParameters>,8,</ownDataTypeParameters>
<previousColumn>false</previousColumn>
<autoIncrementCycle>false</autoIncrementCycle>
<associations>
<colAssociation fkAssociation="950C8085-E582-C5B4-0389-9A055899AAB1" referredColumn="40E7C811-5860-F03E-0D35-87BA0C9DCFE7"/>
</associations>
</Column>
<Column name="phoneNo" id="356155FF-7935-5433-BA89-54033E2F7499">
<createdBy>shhon</createdBy>
<createdTime>2024-09-11 05:39:04 UTC</createdTime>
<generatorID>FC52B24C-E488-9ACB-1E4F-6EC15E0C7017</generatorID>
<ownerDesignName>MovieDB_Class</ownerDesignName>
<nullsAllowed>true</nullsAllowed>
<use>0</use>
<logicalDatatype>LOGDT025</logicalDatatype>
<domain>DD8B124E-99AC-688E-82A8-FE935816E32E</domain>
<ownDataTypeParameters>,,</ownDataTypeParameters>
<autoIncrementCycle>false</autoIncrementCycle>
</Column>
</columns>
<indexes itemClass="oracle.dbtools.crest.model.design.relational.Index">
<ind_PK_UK id="19B69F57-9AD3-97FA-48B2-14DFCF69CD3E" name="Studio_PK">
<createdBy>shhon</createdBy>
<createdTime>2024-09-11 05:39:04 UTC</createdTime>
<generatorID>15A005F8-162C-FA02-154C-7831C5E62FBF</generatorID>
<ownerDesignName>MovieDB_Class</ownerDesignName>
<pk>true</pk>
<indexState>Primary Constraint</indexState>
<isSurrogateKey>false</isSurrogateKey>
<indexColumnUsage>
<colUsage columnID="79F12EC8-60A9-6768-3551-6786FB3D2C3D"/>
</indexColumnUsage>
</ind_PK_UK>
<ind_PK_UK id="D76E68F4-1DA9-1BA2-B3F1-2E4B23513966" name="Studio__IDX">
<createdBy>shhon</createdBy>
<createdTime>2024-09-11 05:39:04 UTC</createdTime>
<ownerDesignName>MovieDB_Class</ownerDesignName>
<indexState>Unique Plain Index</indexState>
<isSurrogateKey>false</isSurrogateKey>
<relationGeneratorID>E02DD558-59CF-C066-FEE5-7946EA286DF3</relationGeneratorID>
<indexColumnUsage>
<colUsage columnID="667D2C14-EFA1-A46D-06AF-AE463E1F2B9A"/>
</indexColumnUsage>
</ind_PK_UK>
<ind_PK_UK id="41427081-25BC-2928-4913-4C8571288977" name="Runs">
<createdBy>shhon</createdBy>
<createdTime>2024-09-11 05:39:04 UTC</createdTime>
<generatorID>E02DD558-59CF-C066-FEE5-7946EA286DF3</generatorID>
<ownerDesignName>MovieDB_Class</ownerDesignName>
<indexState>Foreign Key</indexState>
<isSurrogateKey>false</isSurrogateKey>
<indexColumnUsage>
<colUsage columnID="667D2C14-EFA1-A46D-06AF-AE463E1F2B9A"/>
</indexColumnUsage>
</ind_PK_UK>
</indexes>
</Table>