<?xml version = '1.0' encoding = 'UTF-8'?>
<Table class="oracle.dbtools.crest.model.design.relational.Table" directorySegmentName="seg_0" id="600252DC-C271-4A83-2F6C-3E9206D5AA50" name="StarsIn">
<createdBy>shhon</createdBy>
<createdTime>2024-09-11 05:39:04 UTC</createdTime>
<ownerDesignName>MovieDB_Class</ownerDesignName>
<allowColumnReorder>false</allowColumnReorder>
<existDependencyGenerateInDDl>true</existDependencyGenerateInDDl>
<parsed>true</parsed>
<columns itemClass="oracle.dbtools.crest.model.design.relational.Column">
<Column name="Movietitle" id="39F096D8-689E-6BBB-95F6-89256991E050">
<createdBy>shhon</createdBy>
<createdTime>2024-09-11 05:39:04 UTC</createdTime>
<ownerDesignName>MovieDB_Class</ownerDesignName>
<use>0</use>
<logicalDatatype>LOGDT024</logicalDatatype>
<domain>98C19AC1-764F-2D3E-D17F-1F95D35C8621</domain>
<ownDataTypeParameters>,,</ownDataTypeParameters>
<previousColumn>false</previousColumn>
<autoIncrementCycle>false</autoIncrementCycle>
<associations>
<colAssociation fkAssociation="43283A86-6E7E-9CD7-A762-353291648779" referredColumn="A1F7CE69-9314-3E93-DDC5-55DC0A713661"/>
</associations>
</Column>
<Column name="Movieyear" id="30A5C316-6389-3D7F-B8D7-B5FE1BAC8DC6">
<createdBy>shhon</createdBy>
<createdTime>2024-09-11 05:39:04 UTC</createdTime>
<ownerDesignName>MovieDB_Class</ownerDesignName>
<use>0</use>
<logicalDatatype>LOGDT019</logicalDatatype>
<domain>02DA88D4-047B-A84A-4A09-09D993E63408</domain>
<ownDataTypeParameters>,,</ownDataTypeParameters>
<previousColumn>false</previousColumn>
<autoIncrementCycle>false</autoIncrementCycle>
<listOfRanges>
<rangeDef class="oracle.dbtools.crest.model.design.constraint.AVT">
<beginValue>1920</beginValue>
<endValue>2024</endValue>
</rangeDef>
</listOfRanges>
<associations>
<colAssociation fkAssociation="43283A86-6E7E-9CD7-A762-353291648779" referredColumn="5018101F-B681-79FA-8373-D57B2CBC5BE0"/>
</associations>
</Column>
<Column name="Starname" id="DC9DF368-20BB-00D6-DDD7-63B284494B5D">
<createdBy>shhon</createdBy>
<createdTime>2024-09-11 05:39:04 UTC</createdTime>
<ownerDesignName>MovieDB_Class</ownerDesignName>
<use>0</use>
<logicalDatatype>LOGDT024</logicalDatatype>
<domain>05661700-5CBB-4582-4FC8-8C9A3E524F8E</domain>
<ownDataTypeParameters>,,</ownDataTypeParameters>
<previousColumn>false</previousColumn>
<autoIncrementCycle>false</autoIncrementCycle>
<associations>
<colAssociation fkAssociation="CADE9701-7AC1-F99E-6664-2E2721A4906B" referredColumn="056E216A-6439-55F0-CD17-841F7AD943C6"/>
</associations>
</Column>
<Column name="Gurantee" id="B9A61594-85AD-A5DE-BFF2-FC970E9FD174">
<createdBy>shhon</createdBy>
<createdTime>2024-09-11 05:39:04 UTC</createdTime>
<generatorID>47465332-267E-50BD-35CC-E543FA6A16F0</generatorID>
<ownerDesignName>MovieDB_Class</ownerDesignName>
<nullsAllowed>true</nullsAllowed>
<useDomainConstraints>false</useDomainConstraints>
<use>1</use>
<logicalDatatype>LOGDT019</logicalDatatype>
<dataTypePrecision>30</dataTypePrecision>
<dataTypeScale>0</dataTypeScale>
<ownDataTypeParameters>,30,0</ownDataTypeParameters>
<autoIncrementCycle>false</autoIncrementCycle>
<isRelationshipColumn>true</isRelationshipColumn>
</Column>
</columns>
<indexes itemClass="oracle.dbtools.crest.model.design.relational.Index">
<ind_PK_UK id="CD6B56EF-0B40-2B76-80F4-1E6350A0CEF4" name="StarsIn_PK">
<createdBy>shhon</createdBy>
<createdTime>2024-09-11 05:39:04 UTC</createdTime>
<ownerDesignName>MovieDB_Class</ownerDesignName>
<pk>true</pk>
<indexState>Primary Constraint</indexState>
<isSurrogateKey>false</isSurrogateKey>
<indexColumnUsage>
<colUsage columnID="39F096D8-689E-6BBB-95F6-89256991E050"/>
<colUsage columnID="30A5C316-6389-3D7F-B8D7-B5FE1BAC8DC6"/>
<colUsage columnID="DC9DF368-20BB-00D6-DDD7-63B284494B5D"/>
</indexColumnUsage>
</ind_PK_UK>
<ind_PK_UK id="E6F2FB17-89AE-6465-AA9E-199085237FF3" name="StarsIn_Movie_FK">
<createdBy>shhon</createdBy>
<createdTime>2024-09-11 05:39:04 UTC</createdTime>
<generatorID>BA88CC4F-E690-8FFB-9CCC-9BDDF1B49026</generatorID>
<ownerDesignName>MovieDB_Class</ownerDesignName>
<indexState>Foreign Key</indexState>
<isSurrogateKey>false</isSurrogateKey>
<indexColumnUsage>
<colUsage columnID="39F096D8-689E-6BBB-95F6-89256991E050"/>
<colUsage columnID="30A5C316-6389-3D7F-B8D7-B5FE1BAC8DC6"/>
</indexColumnUsage>
</ind_PK_UK>
<ind_PK_UK id="06607AA7-807A-5447-D1C2-859B555BCC0D" name="StarsIn_MovieStar_FK">
<createdBy>shhon</createdBy>
<createdTime>2024-09-11 05:39:04 UTC</createdTime>
<generatorID>BA88CC4F-E690-8FFB-9CCC-9BDDF1B49026</generatorID>
<ownerDesignName>MovieDB_Class</ownerDesignName>
<indexState>Foreign Key</indexState>
<isSurrogateKey>false</isSurrogateKey>
<indexColumnUsage>
<colUsage columnID="DC9DF368-20BB-00D6-DDD7-63B284494B5D"/>
</indexColumnUsage>
</ind_PK_UK>
</indexes>
</Table>