<?xml version = '1.0' encoding = 'UTF-8'?>
<Table class="oracle.dbtools.crest.model.design.relational.Table" directorySegmentName="seg_0" id="B342A99E-5EA9-C0B2-DB22-63F2822F6B93" name="MovieExec">
<createdBy>shhon</createdBy>
<createdTime>2024-09-11 05:39:04 UTC</createdTime>
<generatorID>98EAE47D-E74B-B7AE-AF4E-84B58A5FC1C9</generatorID>
<ownerDesignName>MovieDB_Class</ownerDesignName>
<allowColumnReorder>false</allowColumnReorder>
<existDependencyGenerateInDDl>true</existDependencyGenerateInDDl>
<parsed>true</parsed>
<columns itemClass="oracle.dbtools.crest.model.design.relational.Column">
<Column name="name" id="1800DAA5-9450-E217-63E0-500A927EC409">
<createdBy>shhon</createdBy>
<createdTime>2024-09-11 05:39:04 UTC</createdTime>
<generatorID>C252844A-25B9-1E63-F374-53C38664798E</generatorID>
<ownerDesignName>MovieDB_Class</ownerDesignName>
<nullsAllowed>true</nullsAllowed>
<use>0</use>
<logicalDatatype>LOGDT024</logicalDatatype>
<domain>05661700-5CBB-4582-4FC8-8C9A3E524F8E</domain>
<ownDataTypeParameters>,,</ownDataTypeParameters>
<autoIncrementCycle>false</autoIncrementCycle>
</Column>
<Column name="certNo" id="40E7C811-5860-F03E-0D35-87BA0C9DCFE7">
<createdBy>shhon</createdBy>
<createdTime>2024-09-11 05:39:04 UTC</createdTime>
<generatorID>075CE183-C73F-B7B0-D2A6-3AAF7980C462</generatorID>
<ownerDesignName>MovieDB_Class</ownerDesignName>
<useDomainConstraints>false</useDomainConstraints>
<use>0</use>
<logicalDatatype>LOGDT019</logicalDatatype>
<dataTypePrecision>8</dataTypePrecision>
<domain>CE133EA7-C930-E7A1-A9C7-B6B38813555D</domain>
<ownDataTypeParameters>,8,</ownDataTypeParameters>
<autoIncrementCycle>false</autoIncrementCycle>
</Column>
<Column name="netWorth" id="B235BE08-3772-1AE2-6156-89BAD81D6233">
<createdBy>shhon</createdBy>
<createdTime>2024-09-11 05:39:04 UTC</createdTime>
<generatorID>0780D6A1-324F-558B-0D06-EDFBA786312A</generatorID>
<ownerDesignName>MovieDB_Class</ownerDesignName>
<nullsAllowed>true</nullsAllowed>
<useDomainConstraints>false</useDomainConstraints>
<use>1</use>
<logicalDatatype>LOGDT019</logicalDatatype>
<dataTypePrecision>30</dataTypePrecision>
<ownDataTypeParameters>,30,</ownDataTypeParameters>
<autoIncrementCycle>false</autoIncrementCycle>
</Column>
</columns>
<indexes itemClass="oracle.dbtools.crest.model.design.relational.Index">
<ind_PK_UK id="C78FC2CF-8D90-41EC-525F-25646D369C75" name="MovieExec_PK">
<createdBy>shhon</createdBy>
<createdTime>2024-09-11 05:39:04 UTC</createdTime>
<generatorID>7E5E50DA-55F2-A4D6-65A0-24EA587B37F0</generatorID>
<ownerDesignName>MovieDB_Class</ownerDesignName>
<pk>true</pk>
<indexState>Primary Constraint</indexState>
<isSurrogateKey>false</isSurrogateKey>
<indexColumnUsage>
<colUsage columnID="40E7C811-5860-F03E-0D35-87BA0C9DCFE7"/>
</indexColumnUsage>
</ind_PK_UK>
<ind_PK_UK id="E1DFC095-4EA9-5718-03C9-13AC687BE871" name="Unique_Name">
<createdBy>shhon</createdBy>
<createdTime>2024-09-11 05:39:04 UTC</createdTime>
<generatorID>44B1EBD9-8FE8-B23C-6654-E176B5C19FC0</generatorID>
<ownerDesignName>MovieDB_Class</ownerDesignName>
<indexState>Unique Constraint</indexState>
<isSurrogateKey>false</isSurrogateKey>
<indexColumnUsage>
<colUsage columnID="1800DAA5-9450-E217-63E0-500A927EC409"/>
</indexColumnUsage>
</ind_PK_UK>
</indexes>
</Table>