<?xml version = '1.0' encoding = 'UTF-8'?>
<Table class="oracle.dbtools.crest.model.design.relational.Table" directorySegmentName="seg_0" id="EC2DF53E-6E34-FB4A-2BE1-2E0F55053BAE" name="MovieStar">
<createdBy>shhon</createdBy>
<createdTime>2024-09-11 05:39:04 UTC</createdTime>
<generatorID>638A60B7-B20C-309B-4EF7-65C4049253B5</generatorID>
<ownerDesignName>MovieDB_Class</ownerDesignName>
<allowColumnReorder>false</allowColumnReorder>
<existDependencyGenerateInDDl>true</existDependencyGenerateInDDl>
<parsed>true</parsed>
<columns itemClass="oracle.dbtools.crest.model.design.relational.Column">
<Column name="name" id="056E216A-6439-55F0-CD17-841F7AD943C6">
<createdBy>shhon</createdBy>
<createdTime>2024-09-11 05:39:04 UTC</createdTime>
<generatorID>C7B6115B-A077-2764-8F12-343CABC51AB8</generatorID>
<ownerDesignName>MovieDB_Class</ownerDesignName>
<use>0</use>
<logicalDatatype>LOGDT024</logicalDatatype>
<domain>05661700-5CBB-4582-4FC8-8C9A3E524F8E</domain>
<ownDataTypeParameters>,,</ownDataTypeParameters>
<autoIncrementCycle>false</autoIncrementCycle>
</Column>
<Column name="address" id="CCA7E22D-1BBA-948F-84D6-A8A3A379AD7B">
<createdBy>shhon</createdBy>
<createdTime>2024-09-11 05:39:04 UTC</createdTime>
<generatorID>FCB0FA68-52F1-53F8-47CB-60DF9D357A89</generatorID>
<ownerDesignName>MovieDB_Class</ownerDesignName>
<nullsAllowed>true</nullsAllowed>
<use>0</use>
<logicalDatatype>LOGDT024</logicalDatatype>
<domain>BB610733-694B-135E-BA79-9E21F81F4819</domain>
<ownDataTypeParameters>,,</ownDataTypeParameters>
<autoIncrementCycle>false</autoIncrementCycle>
</Column>
<Column name="gender" id="8015DE25-1E8A-D01D-C07F-D2CEA7B5D571">
<createdBy>shhon</createdBy>
<createdTime>2024-09-11 05:39:04 UTC</createdTime>
<generatorID>15CA3EE2-FF81-0BF1-CE80-E4A7819F23CF</generatorID>
<ownerDesignName>MovieDB_Class</ownerDesignName>
<nullsAllowed>true</nullsAllowed>
<use>0</use>
<logicalDatatype>LOGDT025</logicalDatatype>
<domain>18509F1A-F79E-595F-1C29-41177C469CD1</domain>
<ownDataTypeParameters>,,</ownDataTypeParameters>
<autoIncrementCycle>false</autoIncrementCycle>
</Column>
<Column name="birthdate" id="ECA24DDD-B9BF-AE3E-44BC-F7E6CD4AE058">
<createdBy>shhon</createdBy>
<createdTime>2024-09-11 05:39:04 UTC</createdTime>
<generatorID>E56D9152-9871-52D2-2A7E-F3077F109BD0</generatorID>
<ownerDesignName>MovieDB_Class</ownerDesignName>
<nullsAllowed>true</nullsAllowed>
<use>0</use>
<logicalDatatype>LOGDT007</logicalDatatype>
<domain>278C1086-8127-CBBA-2D85-C56F325DBF56</domain>
<ownDataTypeParameters>,,</ownDataTypeParameters>
<autoIncrementCycle>false</autoIncrementCycle>
</Column>
<Column name="spouse" id="487933DA-3263-3468-989E-2AA5ED62CCE4">
<createdBy>shhon</createdBy>
<createdTime>2024-09-11 05:39:04 UTC</createdTime>
<generatorID>179F0DFD-73A8-9045-65CF-E6CA990CB913</generatorID>
<ownerDesignName>MovieDB_Class</ownerDesignName>
<nullsAllowed>true</nullsAllowed>
<useDomainConstraints>false</useDomainConstraints>
<use>0</use>
<logicalDatatype>LOGDT019</logicalDatatype>
<dataTypePrecision>8</dataTypePrecision>
<domain>CE133EA7-C930-E7A1-A9C7-B6B38813555D</domain>
<ownDataTypeParameters>,8,</ownDataTypeParameters>
<previousColumn>false</previousColumn>
<autoIncrementCycle>false</autoIncrementCycle>
<associations>
<colAssociation fkAssociation="2B68F907-41AC-E3B0-FF83-F5F2BE811378" referredColumn="40E7C811-5860-F03E-0D35-87BA0C9DCFE7"/>
</associations>
</Column>
</columns>
<indexes itemClass="oracle.dbtools.crest.model.design.relational.Index">
<ind_PK_UK id="A910688A-7DBA-F126-5642-14994D1E2AEA" name="MovieStar_PK">
<createdBy>shhon</createdBy>
<createdTime>2024-09-11 05:39:04 UTC</createdTime>
<generatorID>6BA891B8-AFCA-0B0D-9C7C-B5594A67A928</generatorID>
<ownerDesignName>MovieDB_Class</ownerDesignName>
<pk>true</pk>
<indexState>Primary Constraint</indexState>
<isSurrogateKey>false</isSurrogateKey>
<indexColumnUsage>
<colUsage columnID="056E216A-6439-55F0-CD17-841F7AD943C6"/>
</indexColumnUsage>
</ind_PK_UK>
<ind_PK_UK id="1BA82B1F-873D-575E-874A-6FB49C43D842" name="MovieStar__IDX">
<createdBy>shhon</createdBy>
<createdTime>2024-09-11 05:39:04 UTC</createdTime>
<ownerDesignName>MovieDB_Class</ownerDesignName>
<indexState>Unique Plain Index</indexState>
<isSurrogateKey>false</isSurrogateKey>
<relationGeneratorID>02B5F114-D4E6-31EF-84E6-60EBCBB8FF02</relationGeneratorID>
<indexColumnUsage>
<colUsage columnID="487933DA-3263-3468-989E-2AA5ED62CCE4"/>
</indexColumnUsage>
</ind_PK_UK>
<ind_PK_UK id="A87FBFFF-8436-65BC-12F4-03515397D806" name="Married">
<createdBy>shhon</createdBy>
<createdTime>2024-09-11 05:39:04 UTC</createdTime>
<generatorID>02B5F114-D4E6-31EF-84E6-60EBCBB8FF02</generatorID>
<ownerDesignName>MovieDB_Class</ownerDesignName>
<indexState>Foreign Key</indexState>
<isSurrogateKey>false</isSurrogateKey>
<indexColumnUsage>
<colUsage columnID="487933DA-3263-3468-989E-2AA5ED62CCE4"/>
</indexColumnUsage>
</ind_PK_UK>
</indexes>
</Table>