<?xml version = '1.0' encoding = 'UTF-8'?>
<Table class="oracle.dbtools.crest.model.design.relational.Table" directorySegmentName="seg_0" id="FCA2B5DF-63F9-D90E-9ED8-F8214CA2A04B" name="Address">
<createdBy>shhon</createdBy>
<createdTime>2024-09-11 05:39:04 UTC</createdTime>
<generatorID>40E163B1-705C-43A5-5203-051A16CB4C19</generatorID>
<ownerDesignName>MovieDB_Class</ownerDesignName>
<allowColumnReorder>false</allowColumnReorder>
<existDependencyGenerateInDDl>true</existDependencyGenerateInDDl>
<parsed>true</parsed>
<columns itemClass="oracle.dbtools.crest.model.design.relational.Column">
<Column name="addrID" id="D1395B57-D65A-AA4E-35D9-A9EF9B557C4E">
<createdBy>shhon</createdBy>
<createdTime>2024-09-11 05:39:04 UTC</createdTime>
<generatorID>BFACA26B-6829-46C7-B6B8-C31EB5962536</generatorID>
<ownerDesignName>MovieDB_Class</ownerDesignName>
<use>0</use>
<logicalDatatype>LOGDT019</logicalDatatype>
<domain>CE133EA7-C930-E7A1-A9C7-B6B38813555D</domain>
<ownDataTypeParameters>,,</ownDataTypeParameters>
<autoIncrementCycle>false</autoIncrementCycle>
<listOfRanges>
<rangeDef class="oracle.dbtools.crest.model.design.constraint.AVT">
<beginValue>1</beginValue>
<endValue>9999999</endValue>
</rangeDef>
</listOfRanges>
</Column>
<Column name="branchName" id="B605CD62-5F68-7189-4499-B8DC4A3E1084">
<createdBy>shhon</createdBy>
<createdTime>2024-09-11 05:39:04 UTC</createdTime>
<generatorID>0967DDFD-2AEC-4C56-2511-3B2B0B497AF0</generatorID>
<ownerDesignName>MovieDB_Class</ownerDesignName>
<nullsAllowed>true</nullsAllowed>
<use>0</use>
<logicalDatatype>LOGDT024</logicalDatatype>
<domain>05661700-5CBB-4582-4FC8-8C9A3E524F8E</domain>
<ownDataTypeParameters>,,</ownDataTypeParameters>
<autoIncrementCycle>false</autoIncrementCycle>
</Column>
<Column name="city" id="8A6EDCF3-F22B-29A6-29E2-CD2FC800982D">
<createdBy>shhon</createdBy>
<createdTime>2024-09-11 05:39:04 UTC</createdTime>
<generatorID>653F9FB2-4CA2-CFFF-2D68-EC69E4B36707</generatorID>
<ownerDesignName>MovieDB_Class</ownerDesignName>
<use>0</use>
<logicalDatatype>LOGDT024</logicalDatatype>
<domain>05661700-5CBB-4582-4FC8-8C9A3E524F8E</domain>
<ownDataTypeParameters>,,</ownDataTypeParameters>
<autoIncrementCycle>false</autoIncrementCycle>
</Column>
<Column name="gu" id="07783509-8ABC-2518-82AF-37676F75E420">
<createdBy>shhon</createdBy>
<createdTime>2024-09-11 05:39:04 UTC</createdTime>
<generatorID>48A367AB-654D-8A7A-B6A6-CA66FF924804</generatorID>
<ownerDesignName>MovieDB_Class</ownerDesignName>
<use>0</use>
<logicalDatatype>LOGDT024</logicalDatatype>
<domain>05661700-5CBB-4582-4FC8-8C9A3E524F8E</domain>
<ownDataTypeParameters>,,</ownDataTypeParameters>
<autoIncrementCycle>false</autoIncrementCycle>
</Column>
<Column name="dong" id="AD03F9AB-9E74-7E3A-23DA-6B3177F6502B">
<createdBy>shhon</createdBy>
<createdTime>2024-09-11 05:39:04 UTC</createdTime>
<generatorID>AC42A973-4AEB-0DD4-01D9-38F07000D79A</generatorID>
<ownerDesignName>MovieDB_Class</ownerDesignName>
<use>0</use>
<logicalDatatype>LOGDT024</logicalDatatype>
<domain>05661700-5CBB-4582-4FC8-8C9A3E524F8E</domain>
<ownDataTypeParameters>,,</ownDataTypeParameters>
<autoIncrementCycle>false</autoIncrementCycle>
</Column>
<Column name="detail" id="A9F2ACC7-FFE6-E9E8-C51F-9411DA352CB9">
<createdBy>shhon</createdBy>
<createdTime>2024-09-11 05:39:04 UTC</createdTime>
<generatorID>CE78A125-DA0A-39E5-ACED-E85C2F4892E7</generatorID>
<ownerDesignName>MovieDB_Class</ownerDesignName>
<use>0</use>
<logicalDatatype>LOGDT024</logicalDatatype>
<domain>05661700-5CBB-4582-4FC8-8C9A3E524F8E</domain>
<ownDataTypeParameters>,,</ownDataTypeParameters>
<autoIncrementCycle>false</autoIncrementCycle>
</Column>
<Column name="studioName" id="BEBAF057-ED1E-304F-03AE-72918CECCB7F">
<createdBy>shhon</createdBy>
<createdTime>2024-09-11 05:39:04 UTC</createdTime>
<generatorID>F94CAF98-DB48-C099-24F9-BFCA4AC3A77A</generatorID>
<ownerDesignName>MovieDB_Class</ownerDesignName>
<nullsAllowed>true</nullsAllowed>
<use>0</use>
<logicalDatatype>LOGDT024</logicalDatatype>
<domain>05661700-5CBB-4582-4FC8-8C9A3E524F8E</domain>
<ownDataTypeParameters>,,</ownDataTypeParameters>
<previousColumn>false</previousColumn>
<autoIncrementCycle>false</autoIncrementCycle>
<associations>
<colAssociation fkAssociation="31C01115-9697-06CC-21BA-596409183367" referredColumn="79F12EC8-60A9-6768-3551-6786FB3D2C3D"/>
</associations>
</Column>
<Column name="execNo" id="D2F0DDE1-D567-0C00-4FD6-23ECBDF29267">
<createdBy>shhon</createdBy>
<createdTime>2024-09-11 05:39:04 UTC</createdTime>
<generatorID>3D9C395D-8BEF-0650-BF54-CD0D0C94D59B</generatorID>
<ownerDesignName>MovieDB_Class</ownerDesignName>
<nullsAllowed>true</nullsAllowed>
<use>0</use>
<logicalDatatype>LOGDT019</logicalDatatype>
<dataTypePrecision>8</dataTypePrecision>
<domain>CE133EA7-C930-E7A1-A9C7-B6B38813555D</domain>
<ownDataTypeParameters>,8,</ownDataTypeParameters>
<previousColumn>false</previousColumn>
<autoIncrementCycle>false</autoIncrementCycle>
<listOfRanges>
<rangeDef class="oracle.dbtools.crest.model.design.constraint.AVT">
<beginValue>1</beginValue>
<endValue>9999999</endValue>
</rangeDef>
</listOfRanges>
<associations>
<colAssociation fkAssociation="40BEBD49-8002-853D-C3FA-82227DAD8D5E" referredColumn="40E7C811-5860-F03E-0D35-87BA0C9DCFE7"/>
</associations>
</Column>
<Column name="starName" id="A8BE07A1-C2D3-01F8-47B1-8C4992500F39">
<createdBy>shhon</createdBy>
<createdTime>2024-09-11 05:39:04 UTC</createdTime>
<generatorID>F276F300-509C-53B1-E25C-E3066B5739A8</generatorID>
<ownerDesignName>MovieDB_Class</ownerDesignName>
<nullsAllowed>true</nullsAllowed>
<use>0</use>
<logicalDatatype>LOGDT024</logicalDatatype>
<domain>05661700-5CBB-4582-4FC8-8C9A3E524F8E</domain>
<ownDataTypeParameters>,,</ownDataTypeParameters>
<previousColumn>false</previousColumn>
<autoIncrementCycle>false</autoIncrementCycle>
<associations>
<colAssociation fkAssociation="41CE4D37-0870-4718-8B58-3578BBE49908" referredColumn="056E216A-6439-55F0-CD17-841F7AD943C6"/>
</associations>
</Column>
</columns>
<indexes itemClass="oracle.dbtools.crest.model.design.relational.Index">
<ind_PK_UK id="180ED344-02FC-B740-C592-26FF31312FB8" name="Address_PK">
<createdBy>shhon</createdBy>
<createdTime>2024-09-11 05:39:04 UTC</createdTime>
<generatorID>62244694-5DC4-4F06-11EF-DF41B4F04EFD</generatorID>
<ownerDesignName>MovieDB_Class</ownerDesignName>
<pk>true</pk>
<indexState>Primary Constraint</indexState>
<isSurrogateKey>false</isSurrogateKey>
<indexColumnUsage>
<colUsage columnID="D1395B57-D65A-AA4E-35D9-A9EF9B557C4E"/>
</indexColumnUsage>
</ind_PK_UK>
<ind_PK_UK id="ECDB3702-D67E-8386-98AA-091C61CCA32D" name="addressOf">
<createdBy>shhon</createdBy>
<createdTime>2024-09-11 05:39:04 UTC</createdTime>
<generatorID>559BD958-730E-BEC6-A92D-44CA3B8D5E19</generatorID>
<ownerDesignName>MovieDB_Class</ownerDesignName>
<indexState>Foreign Key</indexState>
<isSurrogateKey>false</isSurrogateKey>
<indexColumnUsage>
<colUsage columnID="D2F0DDE1-D567-0C00-4FD6-23ECBDF29267"/>
</indexColumnUsage>
</ind_PK_UK>
<ind_PK_UK id="FCE0B808-31AF-0864-FC97-A37B48CD1DC1" name="officeOf">
<createdBy>shhon</createdBy>
<createdTime>2024-09-11 05:39:04 UTC</createdTime>
<generatorID>906CC68D-2D90-3AFD-FF42-856AA00AD0B7</generatorID>
<ownerDesignName>MovieDB_Class</ownerDesignName>
<indexState>Foreign Key</indexState>
<isSurrogateKey>false</isSurrogateKey>
<indexColumnUsage>
<colUsage columnID="BEBAF057-ED1E-304F-03AE-72918CECCB7F"/>
</indexColumnUsage>
</ind_PK_UK>
<ind_PK_UK id="76A8D05B-60B0-78C0-3225-61BF7ADB0ECF" name="star_address_of">
<createdBy>shhon</createdBy>
<createdTime>2024-09-11 05:39:04 UTC</createdTime>
<generatorID>411448BF-8E30-1DF5-9616-197756115DB4</generatorID>
<ownerDesignName>MovieDB_Class</ownerDesignName>
<indexState>Foreign Key</indexState>
<isSurrogateKey>false</isSurrogateKey>
<indexColumnUsage>
<colUsage columnID="A8BE07A1-C2D3-01F8-47B1-8C4992500F39"/>
</indexColumnUsage>
</ind_PK_UK>
</indexes>
</Table>