<?xml version = '1.0' encoding = 'UTF-8'?>
<Entity class="oracle.dbtools.crest.model.design.logical.Entity" directorySegmentName="seg_0" id="1CD09819-6FBE-D5E9-A51B-7DB8A24A0284" name="Studio">
<createdBy>shhong</createdBy>
<createdTime>2023-09-04 15:08:18 UTC</createdTime>
<ownerDesignName>MovieDB</ownerDesignName>
<engineerTo>
<item key="D4FEE557-2117-DF8A-4949-437E6FD74926" value="true"/>
</engineerTo>
<adequatelyNormalized>NO</adequatelyNormalized>
<expectedVolumes>0</expectedVolumes>
<fwdEngineeringStrategyName>Single Table</fwdEngineeringStrategyName>
<growthPercent>0</growthPercent>
<growthType>Year</growthType>
<maxVolumes>9999999</maxVolumes>
<minVolumes>0</minVolumes>
<normalForm>Third</normalForm>
<attributes itemClass="oracle.dbtools.crest.model.design.logical.Attribute">
<Attribute name="name" id="EA735DFA-062F-EBA5-BAD9-AB3211D64603">
<createdBy>shhong</createdBy>
<createdTime>2023-09-04 15:08:24 UTC</createdTime>
<ownerDesignName>MovieDB</ownerDesignName>
<engineerTo>
<item key="D4FEE557-2117-DF8A-4949-437E6FD74926" value="true"/>
</engineerTo>
<use>0</use>
<logicalDatatype>LOGDT024</logicalDatatype>
<domain>C90E781C-C6C3-18F9-48FD-1E48C7A73E2E</domain>
<ownDataTypeParameters>,,</ownDataTypeParameters>
</Attribute>
<Attribute name="address" id="08749530-F6C4-7889-5EBA-4320584AE16C">
<createdBy>shhong</createdBy>
<createdTime>2023-09-04 15:08:30 UTC</createdTime>
<ownerDesignName>MovieDB</ownerDesignName>
<engineerTo>
<item key="D4FEE557-2117-DF8A-4949-437E6FD74926" value="true"/>
</engineerTo>
<nullsAllowed>true</nullsAllowed>
<use>0</use>
<logicalDatatype>LOGDT024</logicalDatatype>
<domain>3FD9789E-FCAC-1897-CD81-0FFCD28165B1</domain>
<ownDataTypeParameters>,,</ownDataTypeParameters>
</Attribute>
<Attribute name="presNo" id="1FA75573-EB46-C6F5-4C47-D45708600318">
<createdBy>shhong</createdBy>
<createdTime>2023-09-04 15:21:43 UTC</createdTime>
<generatorID>3399C794-5D19-07EF-F73C-584823D27AB9</generatorID>
<ownerDesignName>MovieDB</ownerDesignName>
<engineerTo>
<item key="D4FEE557-2117-DF8A-4949-437E6FD74926" value="true"/>
</engineerTo>
<referedAttribute>879A5F76-98C5-B4DA-9414-7C452ED12FE5</referedAttribute>
<use>0</use>
<logicalDatatype>LOGDT019</logicalDatatype>
<domain>B785B301-F957-EEA4-8413-D12A92E0EA0F</domain>
<ownDataTypeParameters>,,</ownDataTypeParameters>
</Attribute>
</attributes>
<identifiers itemClass="oracle.dbtools.crest.model.design.logical.CandidateKey">
<identifier id="D0E226A9-F37A-91EA-C260-D2D8C17000B2" name="Studio PK">
<createdBy>shhong</createdBy>
<createdTime>2023-09-04 15:08:44 UTC</createdTime>
<ownerDesignName>MovieDB</ownerDesignName>
<shouldEngineer>false</shouldEngineer>
<engineerTo>
<item key="D4FEE557-2117-DF8A-4949-437E6FD74926" value="false"/>
</engineerTo>
<pk>true</pk>
<usedAttributes>
<attributeRef>EA735DFA-062F-EBA5-BAD9-AB3211D64603</attributeRef>
</usedAttributes>
</identifier>
</identifiers>
</Entity>