<?xml version = '1.0' encoding = 'UTF-8'?>
<Entity class="oracle.dbtools.crest.model.design.logical.Entity" directorySegmentName="seg_0" id="1D11FDDF-B2BB-3182-CA9B-723EB4CEBB69" name="MovieExec">
<createdBy>shhong</createdBy>
<createdTime>2023-09-04 15:20:17 UTC</createdTime>
<ownerDesignName>MovieDB</ownerDesignName>
<engineerTo>
<item key="D4FEE557-2117-DF8A-4949-437E6FD74926" value="true"/>
</engineerTo>
<adequatelyNormalized>NO</adequatelyNormalized>
<expectedVolumes>0</expectedVolumes>
<fwdEngineeringStrategyName>Single Table</fwdEngineeringStrategyName>
<growthPercent>0</growthPercent>
<growthType>Year</growthType>
<maxVolumes>9999999</maxVolumes>
<minVolumes>0</minVolumes>
<normalForm>Third</normalForm>
<attributes itemClass="oracle.dbtools.crest.model.design.logical.Attribute">
<Attribute name="name" id="E261D8DE-1803-18F7-9326-985999896EC2">
<createdBy>shhong</createdBy>
<createdTime>2023-09-04 15:20:24 UTC</createdTime>
<ownerDesignName>MovieDB</ownerDesignName>
<engineerTo>
<item key="D4FEE557-2117-DF8A-4949-437E6FD74926" value="true"/>
</engineerTo>
<nullsAllowed>true</nullsAllowed>
<use>0</use>
<logicalDatatype>LOGDT024</logicalDatatype>
<domain>C90E781C-C6C3-18F9-48FD-1E48C7A73E2E</domain>
<ownDataTypeParameters>,,</ownDataTypeParameters>
</Attribute>
<Attribute name="certno" id="879A5F76-98C5-B4DA-9414-7C452ED12FE5">
<createdBy>shhong</createdBy>
<createdTime>2023-09-04 15:20:30 UTC</createdTime>
<ownerDesignName>MovieDB</ownerDesignName>
<engineerTo>
<item key="D4FEE557-2117-DF8A-4949-437E6FD74926" value="true"/>
</engineerTo>
<use>0</use>
<logicalDatatype>LOGDT019</logicalDatatype>
<domain>B785B301-F957-EEA4-8413-D12A92E0EA0F</domain>
<ownDataTypeParameters>,,</ownDataTypeParameters>
</Attribute>
<Attribute name="address" id="4D7FE411-C109-AC7D-08B9-37C7302CBEA1">
<createdBy>shhong</createdBy>
<createdTime>2023-09-04 15:20:37 UTC</createdTime>
<ownerDesignName>MovieDB</ownerDesignName>
<engineerTo>
<item key="D4FEE557-2117-DF8A-4949-437E6FD74926" value="true"/>
</engineerTo>
<nullsAllowed>true</nullsAllowed>
<use>0</use>
<logicalDatatype>LOGDT024</logicalDatatype>
<domain>3FD9789E-FCAC-1897-CD81-0FFCD28165B1</domain>
<ownDataTypeParameters>,,</ownDataTypeParameters>
</Attribute>
<Attribute name="networth" id="08BE4EEE-4021-A925-B8C0-BBC671825553">
<createdBy>shhong</createdBy>
<createdTime>2023-09-04 15:20:43 UTC</createdTime>
<ownerDesignName>MovieDB</ownerDesignName>
<engineerTo>
<item key="D4FEE557-2117-DF8A-4949-437E6FD74926" value="true"/>
</engineerTo>
<nullsAllowed>true</nullsAllowed>
<use>0</use>
<logicalDatatype>LOGDT019</logicalDatatype>
<domain>2E6BE97D-1EF9-B886-E694-F40472F1397D</domain>
<ownDataTypeParameters>,,</ownDataTypeParameters>
<listOfRanges>
<rangeDef class="oracle.dbtools.crest.model.design.constraint.AVT">
<beginValue>10000</beginValue>
</rangeDef>
</listOfRanges>
</Attribute>
</attributes>
<identifiers itemClass="oracle.dbtools.crest.model.design.logical.CandidateKey">
<identifier id="2275C31D-3124-DDDD-99B0-626E0ADA1B9B" name="MovieExec PK">
<createdBy>shhong</createdBy>
<createdTime>2023-09-04 15:20:52 UTC</createdTime>
<ownerDesignName>MovieDB</ownerDesignName>
<engineerTo>
<item key="D4FEE557-2117-DF8A-4949-437E6FD74926" value="true"/>
</engineerTo>
<pk>true</pk>
<usedAttributes>
<attributeRef>879A5F76-98C5-B4DA-9414-7C452ED12FE5</attributeRef>
</usedAttributes>
</identifier>
<identifier id="9863B506-672B-0FFD-173D-F583E94B4123" name="movieexec_name">
<createdBy>shhong</createdBy>
<createdTime>2023-09-04 15:20:58 UTC</createdTime>
<ownerDesignName>MovieDB</ownerDesignName>
<engineerTo>
<item key="D4FEE557-2117-DF8A-4949-437E6FD74926" value="true"/>
</engineerTo>
<newElementsIDs>E261D8DE-1803-18F7-9326-985999896EC2</newElementsIDs>
<usedAttributes>
<attributeRef>E261D8DE-1803-18F7-9326-985999896EC2</attributeRef>
</usedAttributes>
</identifier>
</identifiers>
</Entity>