<?xml version = '1.0' encoding = 'UTF-8'?>
<Entity class="oracle.dbtools.crest.model.design.logical.Entity" directorySegmentName="seg_0" id="56975088-0E45-6EA9-A75F-D5D53EDDA10D" name="MovieStar">
<createdBy>shhong</createdBy>
<createdTime>2023-09-04 15:19:19 UTC</createdTime>
<ownerDesignName>MovieDB</ownerDesignName>
<engineerTo>
<item key="D4FEE557-2117-DF8A-4949-437E6FD74926" value="true"/>
</engineerTo>
<adequatelyNormalized>NO</adequatelyNormalized>
<expectedVolumes>0</expectedVolumes>
<fwdEngineeringStrategyName>Single Table</fwdEngineeringStrategyName>
<growthPercent>0</growthPercent>
<growthType>Year</growthType>
<maxVolumes>9999999</maxVolumes>
<minVolumes>0</minVolumes>
<normalForm>Third</normalForm>
<attributes itemClass="oracle.dbtools.crest.model.design.logical.Attribute">
<Attribute name="name" id="E07D5487-C8A6-C9A5-E3F0-BBF2933575AF">
<createdBy>shhong</createdBy>
<createdTime>2023-09-04 15:19:27 UTC</createdTime>
<ownerDesignName>MovieDB</ownerDesignName>
<engineerTo>
<item key="D4FEE557-2117-DF8A-4949-437E6FD74926" value="true"/>
</engineerTo>
<use>0</use>
<logicalDatatype>LOGDT024</logicalDatatype>
<domain>C90E781C-C6C3-18F9-48FD-1E48C7A73E2E</domain>
<ownDataTypeParameters>,,</ownDataTypeParameters>
</Attribute>
<Attribute name="address" id="857C76E4-B0F2-020F-C1C2-27E0D86E7B6C">
<createdBy>shhong</createdBy>
<createdTime>2023-09-04 15:19:33 UTC</createdTime>
<ownerDesignName>MovieDB</ownerDesignName>
<engineerTo>
<item key="D4FEE557-2117-DF8A-4949-437E6FD74926" value="true"/>
</engineerTo>
<nullsAllowed>true</nullsAllowed>
<use>0</use>
<logicalDatatype>LOGDT024</logicalDatatype>
<domain>3FD9789E-FCAC-1897-CD81-0FFCD28165B1</domain>
<ownDataTypeParameters>,,</ownDataTypeParameters>
</Attribute>
<Attribute name="gender" id="F947E6D7-F017-856E-7745-9DE72310482C">
<createdBy>shhong</createdBy>
<createdTime>2023-09-04 15:19:39 UTC</createdTime>
<ownerDesignName>MovieDB</ownerDesignName>
<engineerTo>
<item key="D4FEE557-2117-DF8A-4949-437E6FD74926" value="true"/>
</engineerTo>
<nullsAllowed>true</nullsAllowed>
<use>0</use>
<logicalDatatype>LOGDT025</logicalDatatype>
<domain>770905C1-4757-4237-6599-5A71CE388637</domain>
<ownDataTypeParameters>,,</ownDataTypeParameters>
</Attribute>
<Attribute name="birthdate" id="3DC6C0CD-5D4D-5E3D-6F4F-99E689C1BBA6">
<createdBy>shhong</createdBy>
<createdTime>2023-09-04 15:19:52 UTC</createdTime>
<ownerDesignName>MovieDB</ownerDesignName>
<engineerTo>
<item key="D4FEE557-2117-DF8A-4949-437E6FD74926" value="true"/>
</engineerTo>
<nullsAllowed>true</nullsAllowed>
<useDomainConstraints>false</useDomainConstraints>
<use>1</use>
<logicalDatatype>LOGDT007</logicalDatatype>
<ownDataTypeParameters>,,</ownDataTypeParameters>
</Attribute>
</attributes>
<identifiers itemClass="oracle.dbtools.crest.model.design.logical.CandidateKey">
<identifier id="3DF1998C-4045-8712-99A4-6DB1B32C8128" name="MovieStar PK">
<createdBy>shhong</createdBy>
<createdTime>2023-09-04 15:20:09 UTC</createdTime>
<ownerDesignName>MovieDB</ownerDesignName>
<engineerTo>
<item key="D4FEE557-2117-DF8A-4949-437E6FD74926" value="true"/>
</engineerTo>
<pk>true</pk>
<usedAttributes>
<attributeRef>E07D5487-C8A6-C9A5-E3F0-BBF2933575AF</attributeRef>
</usedAttributes>
</identifier>
</identifiers>
</Entity>