<?xml version = '1.0' encoding = 'UTF-8'?>
<Entity class="oracle.dbtools.crest.model.design.logical.Entity" directorySegmentName="seg_0" id="F0439D93-DCF7-891A-AA18-8F37F276D018" name="Movie">
<createdBy>shhong</createdBy>
<createdTime>2023-09-04 15:07:03 UTC</createdTime>
<ownerDesignName>MovieDB</ownerDesignName>
<engineerTo>
<item key="D4FEE557-2117-DF8A-4949-437E6FD74926" value="true"/>
</engineerTo>
<adequatelyNormalized>NO</adequatelyNormalized>
<expectedVolumes>0</expectedVolumes>
<fwdEngineeringStrategyName>Single Table</fwdEngineeringStrategyName>
<growthPercent>0</growthPercent>
<growthType>Year</growthType>
<maxVolumes>9999999</maxVolumes>
<minVolumes>0</minVolumes>
<normalForm>Third</normalForm>
<attributes itemClass="oracle.dbtools.crest.model.design.logical.Attribute">
<Attribute name="title" id="E6B9DF28-87F5-B333-B0F8-ED959E926504">
<createdBy>shhong</createdBy>
<createdTime>2023-09-04 15:07:14 UTC</createdTime>
<ownerDesignName>MovieDB</ownerDesignName>
<engineerTo>
<item key="D4FEE557-2117-DF8A-4949-437E6FD74926" value="true"/>
</engineerTo>
<use>0</use>
<logicalDatatype>LOGDT024</logicalDatatype>
<domain>E7ECC455-A9A7-B4CA-3BA7-2F30F8C402F2</domain>
<ownDataTypeParameters>,,</ownDataTypeParameters>
</Attribute>
<Attribute name="year" id="7591AD34-005D-E204-2D84-ED91A052E580">
<createdBy>shhong</createdBy>
<createdTime>2023-09-04 15:07:21 UTC</createdTime>
<ownerDesignName>MovieDB</ownerDesignName>
<engineerTo>
<item key="D4FEE557-2117-DF8A-4949-437E6FD74926" value="true"/>
</engineerTo>
<use>0</use>
<logicalDatatype>LOGDT019</logicalDatatype>
<domain>4A6C2BF1-6EAC-7A6A-0942-90F72BAD5895</domain>
<ownDataTypeParameters>,,</ownDataTypeParameters>
<listOfRanges>
<rangeDef class="oracle.dbtools.crest.model.design.constraint.AVT">
<beginValue>1900</beginValue>
<endValue>2023</endValue>
</rangeDef>
</listOfRanges>
</Attribute>
<Attribute name="length" id="7E1D9C74-F929-BC98-99FB-C552DFE0A16C">
<createdBy>shhong</createdBy>
<createdTime>2023-09-04 15:07:31 UTC</createdTime>
<ownerDesignName>MovieDB</ownerDesignName>
<engineerTo>
<item key="D4FEE557-2117-DF8A-4949-437E6FD74926" value="true"/>
</engineerTo>
<nullsAllowed>true</nullsAllowed>
<use>0</use>
<logicalDatatype>LOGDT019</logicalDatatype>
<domain>3CF0AB81-10EA-703B-B10D-B10EFED895FE</domain>
<ownDataTypeParameters>,,</ownDataTypeParameters>
<listOfRanges>
<rangeDef class="oracle.dbtools.crest.model.design.constraint.AVT">
<beginValue>50</beginValue>
<endValue>300</endValue>
</rangeDef>
</listOfRanges>
</Attribute>
<Attribute name="inColor" id="20BC0E9E-91FA-B779-43D1-388487EFB374">
<createdBy>shhong</createdBy>
<createdTime>2023-09-04 15:07:40 UTC</createdTime>
<ownerDesignName>MovieDB</ownerDesignName>
<engineerTo>
<item key="D4FEE557-2117-DF8A-4949-437E6FD74926" value="true"/>
</engineerTo>
<nullsAllowed>true</nullsAllowed>
<use>0</use>
<logicalDatatype>LOGDT025</logicalDatatype>
<domain>8CDD0428-DFA5-B2FE-0056-D240D1CE0989</domain>
<ownDataTypeParameters>,,</ownDataTypeParameters>
</Attribute>
<Attribute name="studioName" id="C692F897-5EE7-1D1D-4D23-2898EDF3F5F3">
<createdBy>shhong</createdBy>
<createdTime>2023-09-04 15:09:14 UTC</createdTime>
<generatorID>045ABAD9-1BE7-0DE9-6C4B-78390BD48092</generatorID>
<ownerDesignName>MovieDB</ownerDesignName>
<engineerTo>
<item key="D4FEE557-2117-DF8A-4949-437E6FD74926" value="true"/>
</engineerTo>
<referedAttribute>EA735DFA-062F-EBA5-BAD9-AB3211D64603</referedAttribute>
<use>0</use>
<logicalDatatype>LOGDT024</logicalDatatype>
<domain>C90E781C-C6C3-18F9-48FD-1E48C7A73E2E</domain>
<ownDataTypeParameters>,,</ownDataTypeParameters>
</Attribute>
</attributes>
<identifiers itemClass="oracle.dbtools.crest.model.design.logical.CandidateKey">
<identifier id="68B7EFFD-7CC9-8F29-595C-33C2AF72B547" name="Movie PK">
<createdBy>shhong</createdBy>
<createdTime>2023-09-04 15:07:56 UTC</createdTime>
<ownerDesignName>MovieDB</ownerDesignName>
<shouldEngineer>false</shouldEngineer>
<engineerTo>
<item key="D4FEE557-2117-DF8A-4949-437E6FD74926" value="false"/>
</engineerTo>
<pk>true</pk>
<usedAttributes>
<attributeRef>E6B9DF28-87F5-B333-B0F8-ED959E926504</attributeRef>
<attributeRef>7591AD34-005D-E204-2D84-ED91A052E580</attributeRef>
</usedAttributes>
</identifier>
</identifiers>
</Entity>