<?xml version = '1.0' encoding = 'UTF-8'?>
<FKIndexAssociation class="oracle.dbtools.crest.model.design.relational.FKIndexAssociation" directorySegmentName="seg_0" id="1F5AF3C1-5FF6-90D8-2E4C-B39A807D24C2" containerWithKeyObject="09FE21F0-1D8C-4D2D-D9FB-DD270C0069C8" localFKIndex="C0283E85-1FDC-24A6-47D4-939AED76C8FE" name="Owns">
<createdBy>626-16</createdBy>
<createdTime>2024-09-04 05:53:06 UTC</createdTime>
<generatorID>B333B479-5A69-7CDE-9189-217E8421A09D</generatorID>
<ownerDesignName>MovieDB</ownerDesignName>
<referredTableLongName>Studio</referredTableLongName>
<deleteRule>NO ACTION</deleteRule>
<referredTableID>EE124612-FB6C-AAA1-1418-B828BC275E47</referredTableID>
<keyObject>F86A5379-0D4E-3982-3D9E-8E8BCA8E0333</keyObject>
<referredKeyID>F86A5379-0D4E-3982-3D9E-8E8BCA8E0333</referredKeyID>
<mandatory>true</mandatory>
<refColNames>name</refColNames>
<transferable>true</transferable>
<rely>false</rely>
<columnDependencyConstraintGenerateInDDL>true</columnDependencyConstraintGenerateInDDL>
</FKIndexAssociation>