<?xml version = '1.0' encoding = 'UTF-8'?>
<FKIndexAssociation class="oracle.dbtools.crest.model.design.relational.FKIndexAssociation" directorySegmentName="seg_0" id="A5A64C79-CB41-4D3D-A20F-806C970089C8" containerWithKeyObject="30A168BA-723B-2C12-D10C-F6311A325738" localFKIndex="EE611709-5500-4AB9-8C24-57FC06A43940" name="StarsIn_Movie_FK">
<createdBy>626-16</createdBy>
<createdTime>2024-09-04 05:53:06 UTC</createdTime>
<generatorID>B3FBE7E4-7409-AC45-DDC6-DC4AF38236CF</generatorID>
<ownerDesignName>MovieDB</ownerDesignName>
<referredTableLongName>Movie</referredTableLongName>
<deleteRule>NO ACTION</deleteRule>
<referredTableID>09FE21F0-1D8C-4D2D-D9FB-DD270C0069C8</referredTableID>
<keyObject>3204BCB7-0188-B280-D68E-64590D90E77C</keyObject>
<referredKeyID>3204BCB7-0188-B280-D68E-64590D90E77C</referredKeyID>
<mandatory>true</mandatory>
<refColNames>title,year</refColNames>
<transferable>true</transferable>
<rely>false</rely>
<columnDependencyConstraintGenerateInDDL>true</columnDependencyConstraintGenerateInDDL>
</FKIndexAssociation>