<?xml version = '1.0' encoding = 'UTF-8'?>
<FKIndexAssociation class="oracle.dbtools.crest.model.design.relational.FKIndexAssociation" directorySegmentName="seg_0" id="B8937D17-AC09-7832-01B1-FFB45A495C83" containerWithKeyObject="EE124612-FB6C-AAA1-1418-B828BC275E47" localFKIndex="4CD0F98A-38A0-1951-F15B-B06A7DC4C425" name="Runs">
<createdBy>626-16</createdBy>
<createdTime>2024-09-04 05:53:06 UTC</createdTime>
<generatorID>FA4687A4-A731-8A96-1F3F-1EF77C303D08</generatorID>
<ownerDesignName>MovieDB</ownerDesignName>
<referredTableLongName>MovieExec</referredTableLongName>
<deleteRule>NO ACTION</deleteRule>
<referredTableID>D811138A-0D74-FC5F-AFDA-EA45316CA642</referredTableID>
<keyObject>88099810-506A-60B6-9809-E606489992A7</keyObject>
<referredKeyID>88099810-506A-60B6-9809-E606489992A7</referredKeyID>
<mandatory>false</mandatory>
<refColNames>certNo</refColNames>
<transferable>true</transferable>
<rely>false</rely>
<columnDependencyConstraintGenerateInDDL>true</columnDependencyConstraintGenerateInDDL>
</FKIndexAssociation>