<?xml version = '1.0' encoding = 'UTF-8'?>
<FKIndexAssociation class="oracle.dbtools.crest.model.design.relational.FKIndexAssociation" directorySegmentName="seg_0" id="CA72B86C-8703-0BF3-C249-F373FE557B01" containerWithKeyObject="30A168BA-723B-2C12-D10C-F6311A325738" localFKIndex="FBFDC247-6479-3353-A796-87E006B6C5C1" name="StarsIn_MovieStar_FK">
<createdBy>626-16</createdBy>
<createdTime>2024-09-04 05:53:06 UTC</createdTime>
<generatorID>B3FBE7E4-7409-AC45-DDC6-DC4AF38236CF</generatorID>
<ownerDesignName>MovieDB</ownerDesignName>
<referredTableLongName>MovieStar</referredTableLongName>
<deleteRule>NO ACTION</deleteRule>
<referredTableID>103E5E48-05A9-FFD5-9174-1B33C1DF8651</referredTableID>
<keyObject>B57DB147-F2E8-67FB-3C5F-0D2194D68E0F</keyObject>
<referredKeyID>B57DB147-F2E8-67FB-3C5F-0D2194D68E0F</referredKeyID>
<mandatory>true</mandatory>
<refColNames>name</refColNames>
<transferable>true</transferable>
<rely>false</rely>
<columnDependencyConstraintGenerateInDDL>true</columnDependencyConstraintGenerateInDDL>
</FKIndexAssociation>