<?xml version = '1.0' encoding = 'UTF-8'?>
<DomainFile class="oracle.dbtools.crest.model.design.DomainFileWrapper" fileName="MovieDB">
<domains>
<Domain class="oracle.dbtools.crest.model.design.Domain" name="yr_dom" id="02DA88D4-047B-A84A-4A09-09D993E63408">
<createdBy>shhon</createdBy>
<createdTime>2024-09-04 04:45:07 UTC</createdTime>
<ownerDesignName>MovieDB_Class</ownerDesignName>
<avTSortOrder>0</avTSortOrder>
<dataTypePrecision>4</dataTypePrecision>
<fileName>MovieDB</fileName>
<logicalDatatype>LOGDT019</logicalDatatype>
<listOfRanges>
<rangeDef class="oracle.dbtools.crest.model.design.constraint.AVT">
<beginValue>1920</beginValue>
<endValue>2024</endValue>
</rangeDef>
</listOfRanges>
</Domain>
<Domain class="oracle.dbtools.crest.model.design.Domain" name="name_dom" id="05661700-5CBB-4582-4FC8-8C9A3E524F8E">
<createdBy>shhon</createdBy>
<createdTime>2024-09-04 05:02:42 UTC</createdTime>
<ownerDesignName>MovieDB_Class</ownerDesignName>
<avTSortOrder>0</avTSortOrder>
<dataTypeSize>50</dataTypeSize>
<fileName>MovieDB</fileName>
<logicalDatatype>LOGDT024</logicalDatatype>
</Domain>
<Domain class="oracle.dbtools.crest.model.design.Domain" name="gender_dom" id="18509F1A-F79E-595F-1C29-41177C469CD1">
<createdBy>shhon</createdBy>
<createdTime>2024-09-04 05:04:00 UTC</createdTime>
<ownerDesignName>MovieDB_Class</ownerDesignName>
<avTSortOrder>0</avTSortOrder>
<dataTypeSize>6</dataTypeSize>
<fileName>MovieDB</fileName>
<logicalDatatype>LOGDT025</logicalDatatype>
<listOfValues>
<valueDef value="female" description=""/>
<valueDef value="male" description=""/>
</listOfValues>
</Domain>
<Domain class="oracle.dbtools.crest.model.design.Domain" name="money_dom" id="1FBDA7CA-903F-4636-29FB-FB93EF3520EA">
<createdBy>shhon</createdBy>
<createdTime>2024-09-11 05:03:59 UTC</createdTime>
<ownerDesignName>MovieDB_Class</ownerDesignName>
<avTSortOrder>0</avTSortOrder>
<dataTypePrecision>20</dataTypePrecision>
<fileName>MovieDB</fileName>
<logicalDatatype>LOGDT019</logicalDatatype>
</Domain>
<Domain class="oracle.dbtools.crest.model.design.Domain" name="birth_dom" id="278C1086-8127-CBBA-2D85-C56F325DBF56">
<createdBy>shhong</createdBy>
<createdTime>2024-09-10 13:26:00 UTC</createdTime>
<ownerDesignName>MovieDB_Class</ownerDesignName>
<avTSortOrder>0</avTSortOrder>
<fileName>MovieDB</fileName>
<logicalDatatype>LOGDT007</logicalDatatype>
<checkConstraint>
<implementationDef dbType="Oracle Database 12c" definition="%COLUMN%  &gt; date  &apos;1900-01-01&apos; and %COLUMN% &lt; date  &apos;2020-12-31&apos;"/>
</checkConstraint>
</Domain>
<Domain class="oracle.dbtools.crest.model.design.Domain" name="incolor_dom" id="56C83356-3F05-45B2-E986-63A95E10285D">
<createdBy>shhon</createdBy>
<createdTime>2024-09-11 04:52:11 UTC</createdTime>
<ownerDesignName>MovieDB_Class</ownerDesignName>
<avTSortOrder>0</avTSortOrder>
<dataTypeSize>1</dataTypeSize>
<fileName>MovieDB</fileName>
<logicalDatatype>LOGDT025</logicalDatatype>
<listOfValues>
<valueDef value="F" description=""/>
<valueDef value="T" description=""/>
<valueDef value="f" description=""/>
<valueDef value="t" description=""/>
</listOfValues>
</Domain>
<Domain class="oracle.dbtools.crest.model.design.Domain" name="phoneno_dom" id="8B49792D-1BFD-387F-F7A5-21CB64F918A5">
<createdBy>shhon</createdBy>
<createdTime>2024-09-11 04:57:26 UTC</createdTime>
<ownerDesignName>MovieDB_Class</ownerDesignName>
<avTSortOrder>0</avTSortOrder>
<dataTypeSize>13</dataTypeSize>
<fileName>MovieDB</fileName>
<logicalDatatype>LOGDT025</logicalDatatype>
<checkConstraint>
<implementationDef dbType="Oracle Database 12c" definition="%COLUMN% like &apos;010-____-____&apos;"/>
</checkConstraint>
</Domain>
<Domain class="oracle.dbtools.crest.model.design.Domain" name="tit_dom" id="98C19AC1-764F-2D3E-D17F-1F95D35C8621">
<createdBy>shhon</createdBy>
<createdTime>2024-09-04 04:42:50 UTC</createdTime>
<ownerDesignName>MovieDB_Class</ownerDesignName>
<avTSortOrder>0</avTSortOrder>
<dataTypeSize>100</dataTypeSize>
<fileName>MovieDB</fileName>
<logicalDatatype>LOGDT024</logicalDatatype>
</Domain>
<Domain class="oracle.dbtools.crest.model.design.Domain" name="len_dom" id="B617DEF6-6093-A689-A425-727A37BFBA4A">
<createdBy>shhon</createdBy>
<createdTime>2024-09-04 05:01:32 UTC</createdTime>
<ownerDesignName>MovieDB_Class</ownerDesignName>
<avTSortOrder>0</avTSortOrder>
<dataTypePrecision>3</dataTypePrecision>
<fileName>MovieDB</fileName>
<logicalDatatype>LOGDT019</logicalDatatype>
<listOfRanges>
<rangeDef class="oracle.dbtools.crest.model.design.constraint.AVT">
<beginValue>50</beginValue>
<endValue>300</endValue>
</rangeDef>
</listOfRanges>
</Domain>
<Domain class="oracle.dbtools.crest.model.design.Domain" name="addr_dom" id="BB610733-694B-135E-BA79-9E21F81F4819">
<createdBy>shhon</createdBy>
<createdTime>2024-09-04 05:03:14 UTC</createdTime>
<ownerDesignName>MovieDB_Class</ownerDesignName>
<avTSortOrder>0</avTSortOrder>
<dataTypeSize>200</dataTypeSize>
<fileName>MovieDB</fileName>
<logicalDatatype>LOGDT024</logicalDatatype>
</Domain>
<Domain class="oracle.dbtools.crest.model.design.Domain" name="no_dom" id="CE133EA7-C930-E7A1-A9C7-B6B38813555D">
<createdBy>shhon</createdBy>
<createdTime>2024-09-11 05:02:11 UTC</createdTime>
<ownerDesignName>MovieDB_Class</ownerDesignName>
<avTSortOrder>0</avTSortOrder>
<dataTypePrecision>10</dataTypePrecision>
<fileName>MovieDB</fileName>
<logicalDatatype>LOGDT019</logicalDatatype>
<listOfRanges>
<rangeDef class="oracle.dbtools.crest.model.design.constraint.AVT">
<beginValue>1</beginValue>
<endValue>9999999</endValue>
</rangeDef>
</listOfRanges>
</Domain>
<Domain class="oracle.dbtools.crest.model.design.Domain" name="pno_dom" id="DD8B124E-99AC-688E-82A8-FE935816E32E">
<createdBy>shhong</createdBy>
<createdTime>2024-09-11 01:05:12 UTC</createdTime>
<ownerDesignName>MovieDB_Class</ownerDesignName>
<avTSortOrder>0</avTSortOrder>
<dataTypeSize>13</dataTypeSize>
<fileName>MovieDB</fileName>
<logicalDatatype>LOGDT025</logicalDatatype>
<checkConstraint>
<implementationDef dbType="Oracle Database 12c" definition="%COLUMN% like &apos;010-____-____&apos;"/>
</checkConstraint>
</Domain>
</domains>
</DomainFile>