<?xml version = '1.0' encoding = 'UTF-8'?>
<Relation class="oracle.dbtools.crest.model.design.logical.Relation" name="Owns" directorySegmentName="seg_0" id="045ABAD9-1BE7-0DE9-6C4B-78390BD48092">
<createdBy>shhong</createdBy>
<createdTime>2023-09-04 15:09:14 UTC</createdTime>
<ownerDesignName>MovieDB</ownerDesignName>
<engineerTo>
<item key="D4FEE557-2117-DF8A-4949-437E6FD74926" value="true"/>
</engineerTo>
<sourcePk>D0E226A9-F37A-91EA-C260-D2D8C17000B2</sourcePk>
<identifying>false</identifying>
<optionalSource>true</optionalSource>
<optionalTarget>false</optionalTarget>
<sourceCardinality>1</sourceCardinality>
<sourceEntity>1CD09819-6FBE-D5E9-A51B-7DB8A24A0284</sourceEntity>
<targetCardinalityString>*</targetCardinalityString>
<targetEntity>F0439D93-DCF7-891A-AA18-8F37F276D018</targetEntity>
<transferable>true</transferable>
<deleteRule>NO ACTION</deleteRule>
</Relation>