<?xml version = '1.0' encoding = 'UTF-8'?>
<Relation class="oracle.dbtools.crest.model.design.logical.Relation" name="President" directorySegmentName="seg_0" id="3399C794-5D19-07EF-F73C-584823D27AB9">
<createdBy>shhong</createdBy>
<createdTime>2023-09-04 15:21:43 UTC</createdTime>
<ownerDesignName>MovieDB</ownerDesignName>
<engineerTo>
<item key="D4FEE557-2117-DF8A-4949-437E6FD74926" value="true"/>
</engineerTo>
<sourcePk>2275C31D-3124-DDDD-99B0-626E0ADA1B9B</sourcePk>
<identifying>false</identifying>
<optionalSource>true</optionalSource>
<optionalTarget>false</optionalTarget>
<sourceCardinality>1</sourceCardinality>
<sourceEntity>1D11FDDF-B2BB-3182-CA9B-723EB4CEBB69</sourceEntity>
<targetCardinalityString>*</targetCardinalityString>
<targetEntity>1CD09819-6FBE-D5E9-A51B-7DB8A24A0284</targetEntity>
<transferable>true</transferable>
<deleteRule>NO ACTION</deleteRule>
</Relation>