<?xml version = '1.0' encoding = 'UTF-8'?>
<Relation class="oracle.dbtools.crest.model.design.logical.Relation" name="StarsIn" directorySegmentName="seg_0" id="CE30CF12-74B7-6E39-5C36-A98D7FCBFC32">
<createdBy>shhong</createdBy>
<createdTime>2023-09-04 15:22:49 UTC</createdTime>
<ownerDesignName>MovieDB</ownerDesignName>
<engineerTo>
<item key="D4FEE557-2117-DF8A-4949-437E6FD74926" value="true"/>
</engineerTo>
<identifying>false</identifying>
<optionalSource>false</optionalSource>
<optionalTarget>true</optionalTarget>
<sourceCardinality>*</sourceCardinality>
<sourceEntity>F0439D93-DCF7-891A-AA18-8F37F276D018</sourceEntity>
<targetCardinalityString>*</targetCardinalityString>
<targetEntity>56975088-0E45-6EA9-A75F-D5D53EDDA10D</targetEntity>
<transferable>true</transferable>
<deleteRule>NO ACTION</deleteRule>
</Relation>