<?xml version = '1.0' encoding = 'UTF-8'?>
<Diagram class="oracle.dbtools.crest.swingui.logical.DPVLogical" name="Logical" id="FD7C9217-A319-96C4-0432-51F00AD3E113">
<createdBy>626-16</createdBy>
<modifiedBy>626-16</modifiedBy>
<createdTime>2024-09-04 04:42:12 UTC</createdTime>
<autoRoute>false</autoRoute>
<boxInbox>true</boxInbox>
<showLegend>false</showLegend>
<showLabels>false</showLabels>
<showRelAttributes>false</showRelAttributes>
<gridEnabled>false</gridEnabled>
<showGrid>false</showGrid>
<diagramColor>-1</diagramColor>
<display>false</display>
<notation>2</notation>
<objectViews>
<OView class="oracle.dbtools.crest.swingui.logical.TVEntity" oid="17EF8DE7-2410-E127-FF71-84EE99761E20" otype="Entity" vid="636C9111-5CEC-2F0E-895E-1884FEDAB8C7">
<hideElementsInCurrentOnly>false</hideElementsInCurrentOnly>
<bounds x="17" y="18" width="220" height="147"/>
</OView>
<OView class="oracle.dbtools.crest.swingui.logical.TVEntity" oid="3DFBA2B4-2CE2-181D-D6D3-B0102F7DE233" otype="Entity" vid="B3AC5895-7AB3-9DF0-1DED-FBC26060EF2E">
<hideElementsInCurrentOnly>false</hideElementsInCurrentOnly>
<bounds x="26" y="273" width="198" height="124"/>
</OView>
<OView class="oracle.dbtools.crest.swingui.logical.TVEntity" oid="70A4212D-5D22-0A76-2C1F-E9F3D41E8E0E" otype="Entity" vid="C6EB543E-A518-8E0E-0FB6-8A79D22C633F">
<hideElementsInCurrentOnly>false</hideElementsInCurrentOnly>
<bounds x="383" y="273" width="203" height="129"/>
</OView>
<OView class="oracle.dbtools.crest.swingui.logical.TVEntity" oid="C49CF00E-0A81-9439-D594-765849CBF5D7" otype="Entity" vid="8473A1A6-E163-6133-501E-08A68AAA3C92">
<hideElementsInCurrentOnly>false</hideElementsInCurrentOnly>
<bounds x="398" y="22" width="188" height="102"/>
</OView>
</objectViews>
<connectors>
<Connector class="oracle.dbtools.crest.swingui.logical.TVRelation" oid="B333B479-5A69-7CDE-9189-217E8421A09D" otype="Relation" vid_source="8473A1A6-E163-6133-501E-08A68AAA3C92" vid_target="636C9111-5CEC-2F0E-895E-1884FEDAB8C7">
<hideElementsInCurrentOnly>false</hideElementsInCurrentOnly>
<backgroundColor>-16777216</backgroundColor>
<lineWidth>1</lineWidth>
<points>
<point x="398" y="88"/>
<point x="237" y="88"/>
</points>
</Connector>
<Connector class="oracle.dbtools.crest.swingui.logical.TVRelation" oid="B3FBE7E4-7409-AC45-DDC6-DC4AF38236CF" otype="Relation" vid_source="636C9111-5CEC-2F0E-895E-1884FEDAB8C7" vid_target="B3AC5895-7AB3-9DF0-1DED-FBC26060EF2E">
<hideElementsInCurrentOnly>false</hideElementsInCurrentOnly>
<backgroundColor>-16777216</backgroundColor>
<lineWidth>1</lineWidth>
<points>
<point x="125" y="165"/>
<point x="125" y="273"/>
</points>
</Connector>
<Connector class="oracle.dbtools.crest.swingui.logical.TVRelation" oid="FA4687A4-A731-8A96-1F3F-1EF77C303D08" otype="Relation" vid_source="8473A1A6-E163-6133-501E-08A68AAA3C92" vid_target="C6EB543E-A518-8E0E-0FB6-8A79D22C633F">
<hideElementsInCurrentOnly>false</hideElementsInCurrentOnly>
<backgroundColor>-16777216</backgroundColor>
<lineWidth>1</lineWidth>
<points>
<point x="492" y="124"/>
<point x="492" y="273"/>
</points>
</Connector>
</connectors>
</Diagram>