<?xml version = '1.0' encoding = 'UTF-8'?>
<Diagram class="oracle.dbtools.crest.swingui.relational.DPVRelational" name="Relational_1" id="BECF9CCC-7325-B54E-96AE-F9D2AC0D824C">
<createdBy>shhong</createdBy>
<modifiedBy>shhong</modifiedBy>
<createdTime>2023-09-04 15:01:49 UTC</createdTime>
<autoRoute>false</autoRoute>
<boxInbox>true</boxInbox>
<showLegend>false</showLegend>
<showLabels>false</showLabels>
<showRelAttributes>false</showRelAttributes>
<gridEnabled>false</gridEnabled>
<showGrid>false</showGrid>
<diagramColor>-1</diagramColor>
<display>false</display>
<notation>1</notation>
<objectViews>
<OView class="oracle.dbtools.crest.swingui.relational.TVTable" oid="135ED7E0-A1B4-7D2A-7476-8FEB8DCDABFD" otype="Table" vid="CB4BEA1E-8A3A-5266-B97C-0991D8706DD0">
<hideElementsInCurrentOnly>false</hideElementsInCurrentOnly>
<bounds x="379" y="314" width="217" height="130"/>
</OView>
<OView class="oracle.dbtools.crest.swingui.relational.TVTable" oid="16059613-9EDF-CAA9-CD91-570CBEC1A3FD" otype="Table" vid="08BA9BB9-AEC4-1A8F-8054-7BAC152169FD">
<hideElementsInCurrentOnly>false</hideElementsInCurrentOnly>
<bounds x="380" y="30" width="197" height="165"/>
</OView>
<OView class="oracle.dbtools.crest.swingui.relational.TVTable" oid="4C203627-706F-6498-CAD7-C659CD508F20" otype="Table" vid="D5423144-E443-AB36-EB8C-FF7526A7D7CF">
<hideElementsInCurrentOnly>false</hideElementsInCurrentOnly>
<bounds x="57" y="38" width="251" height="162"/>
</OView>
<OView class="oracle.dbtools.crest.swingui.relational.TVTable" oid="80CBEA41-6BE3-1EBE-8ABD-DF964926CE40" otype="Table" vid="0D735AAC-1A18-38A5-F88F-F4539E9466C2">
<hideElementsInCurrentOnly>false</hideElementsInCurrentOnly>
<bounds x="41" y="446" width="235" height="126"/>
</OView>
<OView class="oracle.dbtools.crest.swingui.relational.TVTable" oid="CC19230B-A15D-B530-98CB-F46FD6C1D7EE" otype="Table" vid="1297580E-723F-2DEC-42A1-22B829016A5D">
<hideElementsInCurrentOnly>false</hideElementsInCurrentOnly>
<bounds x="29" y="268" width="276" height="129"/>
</OView>
</objectViews>
<connectors>
<Connector class="oracle.dbtools.crest.swingui.relational.TVFKRelation" oid="0B57A3EB-B561-E8A9-0ECC-156C16F2C7CD" otype="FKIndexAssociation" vid_source="D5423144-E443-AB36-EB8C-FF7526A7D7CF" vid_target="1297580E-723F-2DEC-42A1-22B829016A5D">
<hideElementsInCurrentOnly>false</hideElementsInCurrentOnly>
<backgroundColor>-16777216</backgroundColor>
<lineWidth>1</lineWidth>
<points>
<point x="181" y="200"/>
<point x="181" y="268"/>
</points>
</Connector>
<Connector class="oracle.dbtools.crest.swingui.relational.TVFKRelation" oid="0DB66B0D-F6B5-9F95-819A-9BBC59A4327D" otype="FKIndexAssociation" vid_source="0D735AAC-1A18-38A5-F88F-F4539E9466C2" vid_target="1297580E-723F-2DEC-42A1-22B829016A5D">
<hideElementsInCurrentOnly>false</hideElementsInCurrentOnly>
<backgroundColor>-16777216</backgroundColor>
<lineWidth>1</lineWidth>
<points>
<point x="158" y="446"/>
<point x="158" y="397"/>
</points>
</Connector>
<Connector class="oracle.dbtools.crest.swingui.relational.TVFKRelation" oid="9D2D1574-B792-119E-CEFF-8E68C3C319CA" otype="FKIndexAssociation" vid_source="08BA9BB9-AEC4-1A8F-8054-7BAC152169FD" vid_target="D5423144-E443-AB36-EB8C-FF7526A7D7CF">
<hideElementsInCurrentOnly>false</hideElementsInCurrentOnly>
<backgroundColor>-16777216</backgroundColor>
<lineWidth>1</lineWidth>
<points>
<point x="380" y="116"/>
<point x="308" y="116"/>
</points>
</Connector>
<Connector class="oracle.dbtools.crest.swingui.relational.TVFKRelation" oid="B0EBD037-3768-E809-5CF6-3C4E3DEAE528" otype="FKIndexAssociation" vid_source="CB4BEA1E-8A3A-5266-B97C-0991D8706DD0" vid_target="08BA9BB9-AEC4-1A8F-8054-7BAC152169FD">
<hideElementsInCurrentOnly>false</hideElementsInCurrentOnly>
<backgroundColor>-16777216</backgroundColor>
<lineWidth>1</lineWidth>
<points>
<point x="454" y="314"/>
<point x="454" y="261"/>
<point x="454" y="195"/>
</points>
</Connector>
</connectors>
</Diagram>