<?xml version = '1.0' encoding = 'UTF-8'?>
<Entity class="oracle.dbtools.crest.model.design.logical.Entity" directorySegmentName="seg_0" id="04798ECC-AFBA-55B3-19E5-5147573DDF7E" name="MurderMystery">
<createdBy>shhon</createdBy>
<createdTime>2024-09-11 06:33:14 UTC</createdTime>
<ownerDesignName>MovieDB_Class</ownerDesignName>
<engineerTo>
<item key="0BB44160-0F62-19F3-651F-F2D2B86F46D5" value="true"/>
</engineerTo>
<adequatelyNormalized>NO</adequatelyNormalized>
<expectedVolumes>0</expectedVolumes>
<fwdEngineeringStrategyName>Single Table</fwdEngineeringStrategyName>
<growthPercent>0</growthPercent>
<growthType>Year</growthType>
<maxVolumes>9999999</maxVolumes>
<minVolumes>0</minVolumes>
<normalForm>Third</normalForm>
<attributes itemClass="oracle.dbtools.crest.model.design.logical.Attribute">
<Attribute name="title" id="6D6BC446-67DF-A03E-2E3A-DA0B4380A402">
<createdBy>shhon</createdBy>
<createdTime>2024-09-11 06:34:32 UTC</createdTime>
<generatorID>3986AA21-C709-B511-33F8-057478F69BA5</generatorID>
<ownerDesignName>MovieDB_Class</ownerDesignName>
<engineerTo>
<item key="0BB44160-0F62-19F3-651F-F2D2B86F46D5" value="true"/>
</engineerTo>
<referedAttribute>806273C7-BABB-5AF2-BE0E-336EDBEEC728</referedAttribute>
<use>0</use>
<logicalDatatype>LOGDT024</logicalDatatype>
<domain>98C19AC1-764F-2D3E-D17F-1F95D35C8621</domain>
<ownDataTypeParameters>,,</ownDataTypeParameters>
</Attribute>
<Attribute name="year" id="64F04E61-08EA-EC26-1570-051DE8D8001C">
<createdBy>shhon</createdBy>
<createdTime>2024-09-11 06:34:32 UTC</createdTime>
<generatorID>3986AA21-C709-B511-33F8-057478F69BA5</generatorID>
<ownerDesignName>MovieDB_Class</ownerDesignName>
<engineerTo>
<item key="0BB44160-0F62-19F3-651F-F2D2B86F46D5" value="true"/>
</engineerTo>
<referedAttribute>4CF9570D-7EB9-401B-BB9C-07602AAF86C4</referedAttribute>
<use>0</use>
<logicalDatatype>LOGDT019</logicalDatatype>
<domain>02DA88D4-047B-A84A-4A09-09D993E63408</domain>
<ownDataTypeParameters>,,</ownDataTypeParameters>
<listOfRanges>
<rangeDef class="oracle.dbtools.crest.model.design.constraint.AVT">
<beginValue>1920</beginValue>
<endValue>2024</endValue>
</rangeDef>
</listOfRanges>
</Attribute>
<Attribute name="weapon" id="1E17A0C4-6281-29CE-3A37-E1C20E16798C">
<createdBy>shhon</createdBy>
<createdTime>2024-09-11 06:33:27 UTC</createdTime>
<ownerDesignName>MovieDB_Class</ownerDesignName>
<engineerTo>
<item key="0BB44160-0F62-19F3-651F-F2D2B86F46D5" value="true"/>
</engineerTo>
<nullsAllowed>true</nullsAllowed>
<use>0</use>
<logicalDatatype>LOGDT024</logicalDatatype>
<domain>BB610733-694B-135E-BA79-9E21F81F4819</domain>
<ownDataTypeParameters>,,</ownDataTypeParameters>
</Attribute>
</attributes>
<identifiers itemClass="oracle.dbtools.crest.model.design.logical.CandidateKey">
<identifier id="D57265FB-140F-7BE8-5D23-F8C4EC81EDC5" name="MurderMystery PK">
<createdBy>shhon</createdBy>
<createdTime>2024-09-11 06:34:32 UTC</createdTime>
<ownerDesignName>MovieDB_Class</ownerDesignName>
<engineerTo>
<item key="0BB44160-0F62-19F3-651F-F2D2B86F46D5" value="true"/>
</engineerTo>
<pk>true</pk>
<usedAttributes>
<attributeRef>6D6BC446-67DF-A03E-2E3A-DA0B4380A402</attributeRef>
<attributeRef>64F04E61-08EA-EC26-1570-051DE8D8001C</attributeRef>
</usedAttributes>
</identifier>
</identifiers>
</Entity>