<?xml version = '1.0' encoding = 'UTF-8'?>
<Entity class="oracle.dbtools.crest.model.design.logical.Entity" directorySegmentName="seg_0" id="236EE77B-5765-E6F0-471A-9EDB67BC69ED" name="Contracts">
<createdBy>626-16</createdBy>
<createdTime>2024-09-25 05:02:22 UTC</createdTime>
<ownerDesignName>MovieDB_Class</ownerDesignName>
<engineerTo>
<item key="0BB44160-0F62-19F3-651F-F2D2B86F46D5" value="true"/>
<item key="FA6695EF-BCEF-A470-EC38-B3E9C21A750D" value="true"/>
</engineerTo>
<adequatelyNormalized>NO</adequatelyNormalized>
<expectedVolumes>0</expectedVolumes>
<fwdEngineeringStrategyName>Single Table</fwdEngineeringStrategyName>
<growthPercent>0</growthPercent>
<growthType>Year</growthType>
<maxVolumes>9999999</maxVolumes>
<minVolumes>0</minVolumes>
<normalForm>Third</normalForm>
<attributes itemClass="oracle.dbtools.crest.model.design.logical.Attribute">
<Attribute name="salary" id="5900257C-8D4F-A909-3C6C-AD07597948E4">
<createdBy>626-16</createdBy>
<createdTime>2024-09-25 05:02:34 UTC</createdTime>
<ownerDesignName>MovieDB_Class</ownerDesignName>
<engineerTo>
<item key="0BB44160-0F62-19F3-651F-F2D2B86F46D5" value="true"/>
<item key="FA6695EF-BCEF-A470-EC38-B3E9C21A750D" value="true"/>
</engineerTo>
<nullsAllowed>true</nullsAllowed>
<use>0</use>
<logicalDatatype>LOGDT019</logicalDatatype>
<domain>1FBDA7CA-903F-4636-29FB-FB93EF3520EA</domain>
<ownDataTypeParameters>,,</ownDataTypeParameters>
</Attribute>
<Attribute name="title" id="57685095-A02B-ABE3-3AC3-AA7A91530BC1">
<createdBy>626-16</createdBy>
<createdTime>2024-09-25 05:04:28 UTC</createdTime>
<generatorID>8CCA6D26-72B1-66C5-DD5F-EF3B7316AA4C</generatorID>
<ownerDesignName>MovieDB_Class</ownerDesignName>
<engineerTo>
<item key="0BB44160-0F62-19F3-651F-F2D2B86F46D5" value="true"/>
<item key="FA6695EF-BCEF-A470-EC38-B3E9C21A750D" value="true"/>
</engineerTo>
<referedAttribute>806273C7-BABB-5AF2-BE0E-336EDBEEC728</referedAttribute>
<use>0</use>
<logicalDatatype>LOGDT024</logicalDatatype>
<domain>98C19AC1-764F-2D3E-D17F-1F95D35C8621</domain>
<ownDataTypeParameters>,,</ownDataTypeParameters>
</Attribute>
<Attribute name="year" id="756DCD8A-F5FA-EFD2-B92E-F2ADD54F361F">
<createdBy>626-16</createdBy>
<createdTime>2024-09-25 05:04:28 UTC</createdTime>
<generatorID>8CCA6D26-72B1-66C5-DD5F-EF3B7316AA4C</generatorID>
<ownerDesignName>MovieDB_Class</ownerDesignName>
<engineerTo>
<item key="0BB44160-0F62-19F3-651F-F2D2B86F46D5" value="true"/>
<item key="FA6695EF-BCEF-A470-EC38-B3E9C21A750D" value="true"/>
</engineerTo>
<referedAttribute>4CF9570D-7EB9-401B-BB9C-07602AAF86C4</referedAttribute>
<use>0</use>
<logicalDatatype>LOGDT019</logicalDatatype>
<domain>02DA88D4-047B-A84A-4A09-09D993E63408</domain>
<ownDataTypeParameters>,,</ownDataTypeParameters>
<listOfRanges>
<rangeDef class="oracle.dbtools.crest.model.design.constraint.AVT">
<beginValue>1920</beginValue>
<endValue>2024</endValue>
</rangeDef>
</listOfRanges>
</Attribute>
<Attribute name="starNo" id="1BE2F5A9-C5D9-5E4D-3CA8-3FA0A41564C6">
<createdBy>626-16</createdBy>
<createdTime>2024-09-25 05:55:48 UTC</createdTime>
<generatorID>AB8CCEC9-37A5-A9CC-2A05-D6E8F71EC7D3</generatorID>
<ownerDesignName>MovieDB_Class</ownerDesignName>
<engineerTo>
<item key="0BB44160-0F62-19F3-651F-F2D2B86F46D5" value="true"/>
<item key="FA6695EF-BCEF-A470-EC38-B3E9C21A750D" value="true"/>
</engineerTo>
<referedAttribute>44C3F873-24FE-A60E-F010-CD52035C3B8D</referedAttribute>
<structAttributeID>8071F89D-1990-8981-2FCE-583CD704E84A</structAttributeID>
<use>0</use>
<logicalDatatype>LOGDT025</logicalDatatype>
<dataTypeSize>13</dataTypeSize>
<domain>DD8B124E-99AC-688E-82A8-FE935816E32E</domain>
<ownDataTypeParameters>,,</ownDataTypeParameters>
</Attribute>
<Attribute name="studioName" id="F50CF78A-ECC5-D269-9672-9F7B5E10F3AE">
<createdBy>626-16</createdBy>
<createdTime>2024-09-25 05:05:12 UTC</createdTime>
<generatorID>58029BBB-1A4E-3FB4-C42D-98529A2ACBA2</generatorID>
<ownerDesignName>MovieDB_Class</ownerDesignName>
<engineerTo>
<item key="0BB44160-0F62-19F3-651F-F2D2B86F46D5" value="true"/>
<item key="FA6695EF-BCEF-A470-EC38-B3E9C21A750D" value="true"/>
</engineerTo>
<referedAttribute>2A42DEBF-F7A0-B62C-0C0D-E42EC34C4DF4</referedAttribute>
<use>0</use>
<logicalDatatype>LOGDT024</logicalDatatype>
<domain>05661700-5CBB-4582-4FC8-8C9A3E524F8E</domain>
<ownDataTypeParameters>,,</ownDataTypeParameters>
</Attribute>
</attributes>
<identifiers itemClass="oracle.dbtools.crest.model.design.logical.CandidateKey">
<identifier id="F790C0BD-FB0E-E062-E221-EA51D7DB61B8" name="Contracts PK">
<createdBy>626-16</createdBy>
<createdTime>2024-09-25 05:06:51 UTC</createdTime>
<ownerDesignName>MovieDB_Class</ownerDesignName>
<shouldEngineer>false</shouldEngineer>
<engineerTo>
<item key="0BB44160-0F62-19F3-651F-F2D2B86F46D5" value="true"/>
<item key="FA6695EF-BCEF-A470-EC38-B3E9C21A750D" value="false"/>
</engineerTo>
<pk>true</pk>
<usedAttributes>
<attributeRef>57685095-A02B-ABE3-3AC3-AA7A91530BC1</attributeRef>
<attributeRef>756DCD8A-F5FA-EFD2-B92E-F2ADD54F361F</attributeRef>
<attributeRef>F50CF78A-ECC5-D269-9672-9F7B5E10F3AE</attributeRef>
<attributeRef>1BE2F5A9-C5D9-5E4D-3CA8-3FA0A41564C6</attributeRef>
</usedAttributes>
</identifier>
</identifiers>
</Entity>