<?xml version = '1.0' encoding = 'UTF-8'?>
<Entity class="oracle.dbtools.crest.model.design.logical.Entity" directorySegmentName="seg_0" id="40E163B1-705C-43A5-5203-051A16CB4C19" name="Address">
<createdBy>shhon</createdBy>
<createdTime>2024-09-11 05:06:14 UTC</createdTime>
<ownerDesignName>MovieDB_Class</ownerDesignName>
<engineerTo>
<item key="0BB44160-0F62-19F3-651F-F2D2B86F46D5" value="true"/>
<item key="FA6695EF-BCEF-A470-EC38-B3E9C21A750D" value="true"/>
</engineerTo>
<adequatelyNormalized>NO</adequatelyNormalized>
<expectedVolumes>0</expectedVolumes>
<fwdEngineeringStrategyName>Single Table</fwdEngineeringStrategyName>
<growthPercent>0</growthPercent>
<growthType>Year</growthType>
<maxVolumes>9999999</maxVolumes>
<minVolumes>0</minVolumes>
<normalForm>Third</normalForm>
<attributes itemClass="oracle.dbtools.crest.model.design.logical.Attribute">
<Attribute name="addrID" id="BFACA26B-6829-46C7-B6B8-C31EB5962536">
<createdBy>shhon</createdBy>
<createdTime>2024-09-11 05:14:11 UTC</createdTime>
<ownerDesignName>MovieDB_Class</ownerDesignName>
<engineerTo>
<item key="0BB44160-0F62-19F3-651F-F2D2B86F46D5" value="true"/>
<item key="FA6695EF-BCEF-A470-EC38-B3E9C21A750D" value="true"/>
</engineerTo>
<use>0</use>
<logicalDatatype>LOGDT019</logicalDatatype>
<domain>CE133EA7-C930-E7A1-A9C7-B6B38813555D</domain>
<ownDataTypeParameters>,,</ownDataTypeParameters>
<listOfRanges>
<rangeDef class="oracle.dbtools.crest.model.design.constraint.AVT">
<beginValue>1</beginValue>
<endValue>9999999</endValue>
</rangeDef>
</listOfRanges>
</Attribute>
<Attribute name="branchName" id="0967DDFD-2AEC-4C56-2511-3B2B0B497AF0">
<createdBy>shhon</createdBy>
<createdTime>2024-09-11 05:07:55 UTC</createdTime>
<ownerDesignName>MovieDB_Class</ownerDesignName>
<engineerTo>
<item key="0BB44160-0F62-19F3-651F-F2D2B86F46D5" value="true"/>
<item key="FA6695EF-BCEF-A470-EC38-B3E9C21A750D" value="true"/>
</engineerTo>
<nullsAllowed>true</nullsAllowed>
<use>0</use>
<logicalDatatype>LOGDT024</logicalDatatype>
<domain>05661700-5CBB-4582-4FC8-8C9A3E524F8E</domain>
<ownDataTypeParameters>,,</ownDataTypeParameters>
</Attribute>
<Attribute name="city" id="653F9FB2-4CA2-CFFF-2D68-EC69E4B36707">
<createdBy>shhon</createdBy>
<createdTime>2024-09-11 05:06:33 UTC</createdTime>
<ownerDesignName>MovieDB_Class</ownerDesignName>
<engineerTo>
<item key="0BB44160-0F62-19F3-651F-F2D2B86F46D5" value="true"/>
<item key="FA6695EF-BCEF-A470-EC38-B3E9C21A750D" value="true"/>
</engineerTo>
<use>0</use>
<logicalDatatype>LOGDT024</logicalDatatype>
<domain>05661700-5CBB-4582-4FC8-8C9A3E524F8E</domain>
<ownDataTypeParameters>,,</ownDataTypeParameters>
</Attribute>
<Attribute name="gu" id="48A367AB-654D-8A7A-B6A6-CA66FF924804">
<createdBy>shhon</createdBy>
<createdTime>2024-09-11 05:06:52 UTC</createdTime>
<ownerDesignName>MovieDB_Class</ownerDesignName>
<engineerTo>
<item key="0BB44160-0F62-19F3-651F-F2D2B86F46D5" value="true"/>
<item key="FA6695EF-BCEF-A470-EC38-B3E9C21A750D" value="true"/>
</engineerTo>
<use>0</use>
<logicalDatatype>LOGDT024</logicalDatatype>
<domain>05661700-5CBB-4582-4FC8-8C9A3E524F8E</domain>
<ownDataTypeParameters>,,</ownDataTypeParameters>
</Attribute>
<Attribute name="dong" id="AC42A973-4AEB-0DD4-01D9-38F07000D79A">
<createdBy>shhon</createdBy>
<createdTime>2024-09-11 05:06:59 UTC</createdTime>
<ownerDesignName>MovieDB_Class</ownerDesignName>
<engineerTo>
<item key="0BB44160-0F62-19F3-651F-F2D2B86F46D5" value="true"/>
<item key="FA6695EF-BCEF-A470-EC38-B3E9C21A750D" value="true"/>
</engineerTo>
<use>0</use>
<logicalDatatype>LOGDT024</logicalDatatype>
<domain>05661700-5CBB-4582-4FC8-8C9A3E524F8E</domain>
<ownDataTypeParameters>,,</ownDataTypeParameters>
</Attribute>
<Attribute name="detail" id="CE78A125-DA0A-39E5-ACED-E85C2F4892E7">
<createdBy>shhon</createdBy>
<createdTime>2024-09-11 05:07:07 UTC</createdTime>
<ownerDesignName>MovieDB_Class</ownerDesignName>
<engineerTo>
<item key="0BB44160-0F62-19F3-651F-F2D2B86F46D5" value="true"/>
<item key="FA6695EF-BCEF-A470-EC38-B3E9C21A750D" value="true"/>
</engineerTo>
<use>0</use>
<logicalDatatype>LOGDT024</logicalDatatype>
<domain>05661700-5CBB-4582-4FC8-8C9A3E524F8E</domain>
<ownDataTypeParameters>,,</ownDataTypeParameters>
</Attribute>
<Attribute name="studioName" id="F94CAF98-DB48-C099-24F9-BFCA4AC3A77A">
<createdBy>shhon</createdBy>
<createdTime>2024-09-11 05:15:52 UTC</createdTime>
<generatorID>906CC68D-2D90-3AFD-FF42-856AA00AD0B7</generatorID>
<ownerDesignName>MovieDB_Class</ownerDesignName>
<engineerTo>
<item key="0BB44160-0F62-19F3-651F-F2D2B86F46D5" value="true"/>
<item key="FA6695EF-BCEF-A470-EC38-B3E9C21A750D" value="true"/>
</engineerTo>
<nullsAllowed>true</nullsAllowed>
<referedAttribute>2A42DEBF-F7A0-B62C-0C0D-E42EC34C4DF4</referedAttribute>
<use>0</use>
<logicalDatatype>LOGDT024</logicalDatatype>
<domain>05661700-5CBB-4582-4FC8-8C9A3E524F8E</domain>
<ownDataTypeParameters>,,</ownDataTypeParameters>
</Attribute>
</attributes>
<identifiers itemClass="oracle.dbtools.crest.model.design.logical.CandidateKey">
<identifier id="62244694-5DC4-4F06-11EF-DF41B4F04EFD" name="Address PK">
<createdBy>shhon</createdBy>
<createdTime>2024-09-11 05:09:27 UTC</createdTime>
<ownerDesignName>MovieDB_Class</ownerDesignName>
<engineerTo>
<item key="0BB44160-0F62-19F3-651F-F2D2B86F46D5" value="true"/>
<item key="FA6695EF-BCEF-A470-EC38-B3E9C21A750D" value="true"/>
</engineerTo>
<pk>true</pk>
<usedAttributes>
<attributeRef>BFACA26B-6829-46C7-B6B8-C31EB5962536</attributeRef>
</usedAttributes>
</identifier>
</identifiers>
</Entity>