<?xml version = '1.0' encoding = 'UTF-8'?>
<Entity class="oracle.dbtools.crest.model.design.logical.Entity" directorySegmentName="seg_0" id="638A60B7-B20C-309B-4EF7-65C4049253B5" name="MovieStar">
<createdBy>shhon</createdBy>
<createdTime>2024-09-04 05:24:15 UTC</createdTime>
<ownerDesignName>MovieDB_Class</ownerDesignName>
<engineerTo>
<item key="0BB44160-0F62-19F3-651F-F2D2B86F46D5" value="true"/>
<item key="FA6695EF-BCEF-A470-EC38-B3E9C21A750D" value="true"/>
</engineerTo>
<adequatelyNormalized>NO</adequatelyNormalized>
<expectedVolumes>0</expectedVolumes>
<fwdEngineeringStrategyName>Single Table</fwdEngineeringStrategyName>
<growthPercent>0</growthPercent>
<growthType>Year</growthType>
<maxVolumes>9999999</maxVolumes>
<minVolumes>0</minVolumes>
<normalForm>Third</normalForm>
<attributes itemClass="oracle.dbtools.crest.model.design.logical.Attribute">
<Attribute name="info" id="FADA7233-E904-85D7-C310-542CE6ADB3BE">
<createdBy>626-16</createdBy>
<createdTime>2024-09-25 05:25:27 UTC</createdTime>
<ownerDesignName>MovieDB_Class</ownerDesignName>
<engineerTo>
<item key="0BB44160-0F62-19F3-651F-F2D2B86F46D5" value="true"/>
<item key="FA6695EF-BCEF-A470-EC38-B3E9C21A750D" value="true"/>
</engineerTo>
<nullsAllowed>true</nullsAllowed>
<useDomainConstraints>false</useDomainConstraints>
<use>3</use>
<structuredType>5BB6C018-C419-B254-65E7-34866E2CD84B</structuredType>
<ownDataTypeParameters>,,</ownDataTypeParameters>
</Attribute>
<Attribute name="starDate" id="1754FAEF-01FA-76EC-DFBA-8AD4C8837858">
<createdBy>626-16</createdBy>
<createdTime>2024-09-25 05:26:06 UTC</createdTime>
<ownerDesignName>MovieDB_Class</ownerDesignName>
<engineerTo>
<item key="0BB44160-0F62-19F3-651F-F2D2B86F46D5" value="true"/>
<item key="FA6695EF-BCEF-A470-EC38-B3E9C21A750D" value="true"/>
</engineerTo>
<nullsAllowed>true</nullsAllowed>
<use>0</use>
<logicalDatatype>LOGDT007</logicalDatatype>
<domain>278C1086-8127-CBBA-2D85-C56F325DBF56</domain>
<ownDataTypeParameters>,,</ownDataTypeParameters>
</Attribute>
</attributes>
<nestedAttributes itemClass="oracle.dbtools.crest.model.design.logical.Attribute">
<nestedAttribute name="info.gender" directorySegmentName="seg_0" id="DFDD6FF8-71E9-59A1-18B5-64CDD7AA1CA0">
<createdBy>626-16</createdBy>
<createdTime>2024-09-25 05:25:54 UTC</createdTime>
<ownerDesignName>MovieDB_Class</ownerDesignName>
<engineerTo>
<item key="0BB44160-0F62-19F3-651F-F2D2B86F46D5" value="true"/>
<item key="FA6695EF-BCEF-A470-EC38-B3E9C21A750D" value="true"/>
</engineerTo>
<nullsAllowed>true</nullsAllowed>
<parentObject>FADA7233-E904-85D7-C310-542CE6ADB3BE</parentObject>
<structAttributeID>94C27E58-1ACF-6ED1-7012-48CF294A7787</structAttributeID>
<use>0</use>
<logicalDatatype>LOGDT025</logicalDatatype>
<dataTypeSize>6</dataTypeSize>
<domain>18509F1A-F79E-595F-1C29-41177C469CD1</domain>
<ownDataTypeParameters>6,,</ownDataTypeParameters>
</nestedAttribute>
<nestedAttribute name="info.family" directorySegmentName="seg_0" id="ADF87A87-36E0-58D9-740A-D60CFB009541">
<createdBy>626-16</createdBy>
<createdTime>2024-09-25 05:25:54 UTC</createdTime>
<ownerDesignName>MovieDB_Class</ownerDesignName>
<engineerTo>
<item key="0BB44160-0F62-19F3-651F-F2D2B86F46D5" value="true"/>
<item key="FA6695EF-BCEF-A470-EC38-B3E9C21A750D" value="true"/>
</engineerTo>
<nullsAllowed>true</nullsAllowed>
<parentObject>FADA7233-E904-85D7-C310-542CE6ADB3BE</parentObject>
<structAttributeID>2EB06FC0-F874-28F8-51D3-F9CFA763F23C</structAttributeID>
<useDomainConstraints>false</useDomainConstraints>
<use>3</use>
<structuredType>D68F9DB4-EFBB-FDDE-B172-486E83366E83</structuredType>
<ownDataTypeParameters>,,</ownDataTypeParameters>
</nestedAttribute>
<nestedAttribute name="info.family.spouse" directorySegmentName="seg_0" id="99D031C2-2C69-0849-AE38-5692142915E4">
<createdBy>626-16</createdBy>
<createdTime>2024-09-25 05:25:54 UTC</createdTime>
<ownerDesignName>MovieDB_Class</ownerDesignName>
<engineerTo>
<item key="0BB44160-0F62-19F3-651F-F2D2B86F46D5" value="true"/>
<item key="FA6695EF-BCEF-A470-EC38-B3E9C21A750D" value="true"/>
</engineerTo>
<nullsAllowed>true</nullsAllowed>
<parentObject>ADF87A87-36E0-58D9-740A-D60CFB009541</parentObject>
<structAttributeID>6ACA7F8A-A511-99A5-8F55-67702A409721</structAttributeID>
<use>0</use>
<logicalDatatype>LOGDT024</logicalDatatype>
<dataTypeSize>50</dataTypeSize>
<domain>05661700-5CBB-4582-4FC8-8C9A3E524F8E</domain>
<ownDataTypeParameters>50,,</ownDataTypeParameters>
</nestedAttribute>
<nestedAttribute name="info.family.no_child" directorySegmentName="seg_0" id="3A4BEC8C-97C7-C1F1-CA89-45B3322544D5">
<createdBy>626-16</createdBy>
<createdTime>2024-09-25 05:25:54 UTC</createdTime>
<ownerDesignName>MovieDB_Class</ownerDesignName>
<engineerTo>
<item key="0BB44160-0F62-19F3-651F-F2D2B86F46D5" value="true"/>
<item key="FA6695EF-BCEF-A470-EC38-B3E9C21A750D" value="true"/>
</engineerTo>
<nullsAllowed>true</nullsAllowed>
<parentObject>ADF87A87-36E0-58D9-740A-D60CFB009541</parentObject>
<structAttributeID>3C430DCE-8D59-8C65-9BE1-8AFBC33EEAE4</structAttributeID>
<use>0</use>
<logicalDatatype>LOGDT019</logicalDatatype>
<dataTypePrecision>3</dataTypePrecision>
<domain>B617DEF6-6093-A689-A425-727A37BFBA4A</domain>
<ownDataTypeParameters>,3,</ownDataTypeParameters>
<listOfRanges>
<rangeDef class="oracle.dbtools.crest.model.design.constraint.AVT">
<beginValue>50</beginValue>
<endValue>300</endValue>
</rangeDef>
</listOfRanges>
</nestedAttribute>
<nestedAttribute name="info.s_no" directorySegmentName="seg_0" id="44C3F873-24FE-A60E-F010-CD52035C3B8D">
<createdBy>626-16</createdBy>
<createdTime>2024-09-25 05:25:54 UTC</createdTime>
<ownerDesignName>MovieDB_Class</ownerDesignName>
<engineerTo>
<item key="0BB44160-0F62-19F3-651F-F2D2B86F46D5" value="true"/>
<item key="FA6695EF-BCEF-A470-EC38-B3E9C21A750D" value="true"/>
</engineerTo>
<parentObject>FADA7233-E904-85D7-C310-542CE6ADB3BE</parentObject>
<structAttributeID>8071F89D-1990-8981-2FCE-583CD704E84A</structAttributeID>
<use>0</use>
<logicalDatatype>LOGDT025</logicalDatatype>
<dataTypeSize>13</dataTypeSize>
<domain>DD8B124E-99AC-688E-82A8-FE935816E32E</domain>
<ownDataTypeParameters>13,,</ownDataTypeParameters>
</nestedAttribute>
<nestedAttribute name="info.name" id="FA91AA24-5B56-1176-6C75-EEA2C9D25857">
<createdBy>626-16</createdBy>
<createdTime>2024-09-25 05:25:54 UTC</createdTime>
<ownerDesignName>MovieDB_Class</ownerDesignName>
<engineerTo>
<item key="0BB44160-0F62-19F3-651F-F2D2B86F46D5" value="true"/>
<item key="FA6695EF-BCEF-A470-EC38-B3E9C21A750D" value="true"/>
</engineerTo>
<parentObject>FADA7233-E904-85D7-C310-542CE6ADB3BE</parentObject>
<structAttributeID>FF5C3C69-B0E2-577B-5325-DB2822934164</structAttributeID>
<use>0</use>
<logicalDatatype>LOGDT024</logicalDatatype>
<dataTypeSize>50</dataTypeSize>
<domain>05661700-5CBB-4582-4FC8-8C9A3E524F8E</domain>
<ownDataTypeParameters>50,,</ownDataTypeParameters>
</nestedAttribute>
<nestedAttribute name="info.address" id="94273DC8-74F5-D982-EEE3-CE9CDC0A38A8">
<createdBy>626-16</createdBy>
<createdTime>2024-09-25 05:25:54 UTC</createdTime>
<ownerDesignName>MovieDB_Class</ownerDesignName>
<engineerTo>
<item key="0BB44160-0F62-19F3-651F-F2D2B86F46D5" value="true"/>
<item key="FA6695EF-BCEF-A470-EC38-B3E9C21A750D" value="true"/>
</engineerTo>
<nullsAllowed>true</nullsAllowed>
<parentObject>FADA7233-E904-85D7-C310-542CE6ADB3BE</parentObject>
<structAttributeID>35184D3A-35BE-23AC-F673-94673E3027B9</structAttributeID>
<use>0</use>
<logicalDatatype>LOGDT024</logicalDatatype>
<dataTypeSize>200</dataTypeSize>
<domain>BB610733-694B-135E-BA79-9E21F81F4819</domain>
<ownDataTypeParameters>200,,</ownDataTypeParameters>
</nestedAttribute>
<nestedAttribute name="info.birthdate" id="D282B082-9644-9893-8E5E-1169BBD365E2">
<createdBy>626-16</createdBy>
<createdTime>2024-09-25 05:25:54 UTC</createdTime>
<ownerDesignName>MovieDB_Class</ownerDesignName>
<engineerTo>
<item key="0BB44160-0F62-19F3-651F-F2D2B86F46D5" value="true"/>
<item key="FA6695EF-BCEF-A470-EC38-B3E9C21A750D" value="true"/>
</engineerTo>
<nullsAllowed>true</nullsAllowed>
<parentObject>FADA7233-E904-85D7-C310-542CE6ADB3BE</parentObject>
<structAttributeID>146D9F43-DA70-4BCF-02E6-2EF985576850</structAttributeID>
<use>0</use>
<logicalDatatype>LOGDT007</logicalDatatype>
<domain>278C1086-8127-CBBA-2D85-C56F325DBF56</domain>
<ownDataTypeParameters>,,</ownDataTypeParameters>
</nestedAttribute>
</nestedAttributes>
<identifiers itemClass="oracle.dbtools.crest.model.design.logical.CandidateKey">
<identifier id="AEC2CEEC-9607-1F1A-D48E-7259DB63109B" name="moviestar_pkey">
<createdBy>626-16</createdBy>
<createdTime>2024-09-25 05:28:09 UTC</createdTime>
<ownerDesignName>MovieDB_Class</ownerDesignName>
<engineerTo>
<item key="0BB44160-0F62-19F3-651F-F2D2B86F46D5" value="true"/>
<item key="FA6695EF-BCEF-A470-EC38-B3E9C21A750D" value="true"/>
</engineerTo>
<pk>true</pk>
<newElementsIDs>44C3F873-24FE-A60E-F010-CD52035C3B8D</newElementsIDs>
<usedAttributes>
<attributeRef>44C3F873-24FE-A60E-F010-CD52035C3B8D</attributeRef>
</usedAttributes>
</identifier>
</identifiers>
</Entity>