<?xml version = '1.0' encoding = 'UTF-8'?>
<Entity class="oracle.dbtools.crest.model.design.logical.Entity" directorySegmentName="seg_0" id="98EAE47D-E74B-B7AE-AF4E-84B58A5FC1C9" name="MovieExec">
<createdBy>shhon</createdBy>
<createdTime>2024-09-04 05:26:39 UTC</createdTime>
<ownerDesignName>MovieDB_Class</ownerDesignName>
<engineerTo>
<item key="0BB44160-0F62-19F3-651F-F2D2B86F46D5" value="true"/>
<item key="FA6695EF-BCEF-A470-EC38-B3E9C21A750D" value="true"/>
</engineerTo>
<adequatelyNormalized>NO</adequatelyNormalized>
<expectedVolumes>0</expectedVolumes>
<fwdEngineeringStrategyName>Single Table</fwdEngineeringStrategyName>
<growthPercent>0</growthPercent>
<growthType>Year</growthType>
<maxVolumes>9999999</maxVolumes>
<minVolumes>0</minVolumes>
<normalForm>Third</normalForm>
<attributes itemClass="oracle.dbtools.crest.model.design.logical.Attribute">
<Attribute name="info" id="6AD9D519-70AB-9B30-036E-11F5517AF333">
<createdBy>626-16</createdBy>
<createdTime>2024-09-25 05:47:20 UTC</createdTime>
<ownerDesignName>MovieDB_Class</ownerDesignName>
<engineerTo>
<item key="0BB44160-0F62-19F3-651F-F2D2B86F46D5" value="true"/>
<item key="FA6695EF-BCEF-A470-EC38-B3E9C21A750D" value="true"/>
</engineerTo>
<nullsAllowed>true</nullsAllowed>
<useDomainConstraints>false</useDomainConstraints>
<use>3</use>
<structuredType>3E28D5B7-C5BA-DCAD-5B09-A46C751B1480</structuredType>
<ownDataTypeParameters>,,</ownDataTypeParameters>
</Attribute>
<Attribute name="company" id="1FB992EA-B042-5572-B762-692960E2AE31">
<createdBy>626-16</createdBy>
<createdTime>2024-09-25 05:47:31 UTC</createdTime>
<ownerDesignName>MovieDB_Class</ownerDesignName>
<engineerTo>
<item key="0BB44160-0F62-19F3-651F-F2D2B86F46D5" value="true"/>
<item key="FA6695EF-BCEF-A470-EC38-B3E9C21A750D" value="true"/>
</engineerTo>
<nullsAllowed>true</nullsAllowed>
<use>0</use>
<logicalDatatype>LOGDT024</logicalDatatype>
<domain>05661700-5CBB-4582-4FC8-8C9A3E524F8E</domain>
<ownDataTypeParameters>,,</ownDataTypeParameters>
</Attribute>
</attributes>
<nestedAttributes itemClass="oracle.dbtools.crest.model.design.logical.Attribute">
<nestedAttribute name="info.netWorth" directorySegmentName="seg_0" id="E99497BB-C871-C87F-7366-8CD93040987E">
<createdBy>626-16</createdBy>
<createdTime>2024-09-25 05:47:31 UTC</createdTime>
<ownerDesignName>MovieDB_Class</ownerDesignName>
<engineerTo>
<item key="0BB44160-0F62-19F3-651F-F2D2B86F46D5" value="true"/>
<item key="FA6695EF-BCEF-A470-EC38-B3E9C21A750D" value="true"/>
</engineerTo>
<nullsAllowed>true</nullsAllowed>
<parentObject>6AD9D519-70AB-9B30-036E-11F5517AF333</parentObject>
<structAttributeID>08DD951F-3C17-5F03-9E16-F9D400C3035F</structAttributeID>
<use>0</use>
<logicalDatatype>LOGDT019</logicalDatatype>
<dataTypePrecision>20</dataTypePrecision>
<domain>1FBDA7CA-903F-4636-29FB-FB93EF3520EA</domain>
<ownDataTypeParameters>,20,</ownDataTypeParameters>
</nestedAttribute>
<nestedAttribute name="info.role" directorySegmentName="seg_0" id="23BFDB3B-729E-FE40-2A76-B4161B547B9D">
<createdBy>626-16</createdBy>
<createdTime>2024-09-25 05:47:31 UTC</createdTime>
<ownerDesignName>MovieDB_Class</ownerDesignName>
<engineerTo>
<item key="0BB44160-0F62-19F3-651F-F2D2B86F46D5" value="true"/>
<item key="FA6695EF-BCEF-A470-EC38-B3E9C21A750D" value="true"/>
</engineerTo>
<nullsAllowed>true</nullsAllowed>
<parentObject>6AD9D519-70AB-9B30-036E-11F5517AF333</parentObject>
<structAttributeID>FD60BA45-341E-A8AA-09A1-EA1819FF9F9C</structAttributeID>
<use>0</use>
<logicalDatatype>LOGDT024</logicalDatatype>
<dataTypeSize>50</dataTypeSize>
<domain>05661700-5CBB-4582-4FC8-8C9A3E524F8E</domain>
<ownDataTypeParameters>50,,</ownDataTypeParameters>
</nestedAttribute>
<nestedAttribute name="info.family" directorySegmentName="seg_0" id="271AC993-89E4-F859-6B1F-F3F089FA7D34">
<createdBy>626-16</createdBy>
<createdTime>2024-09-25 05:47:31 UTC</createdTime>
<ownerDesignName>MovieDB_Class</ownerDesignName>
<engineerTo>
<item key="0BB44160-0F62-19F3-651F-F2D2B86F46D5" value="true"/>
<item key="FA6695EF-BCEF-A470-EC38-B3E9C21A750D" value="true"/>
</engineerTo>
<nullsAllowed>true</nullsAllowed>
<parentObject>6AD9D519-70AB-9B30-036E-11F5517AF333</parentObject>
<structAttributeID>885384A3-EC53-5A7F-74DD-C0ECB309C0CE</structAttributeID>
<useDomainConstraints>false</useDomainConstraints>
<use>3</use>
<structuredType>D68F9DB4-EFBB-FDDE-B172-486E83366E83</structuredType>
<ownDataTypeParameters>,,</ownDataTypeParameters>
</nestedAttribute>
<nestedAttribute name="info.family.spouse" directorySegmentName="seg_0" id="36CE3551-E3C8-C75B-CF65-561317EB1EF9">
<createdBy>626-16</createdBy>
<createdTime>2024-09-25 05:47:31 UTC</createdTime>
<ownerDesignName>MovieDB_Class</ownerDesignName>
<engineerTo>
<item key="0BB44160-0F62-19F3-651F-F2D2B86F46D5" value="true"/>
<item key="FA6695EF-BCEF-A470-EC38-B3E9C21A750D" value="true"/>
</engineerTo>
<nullsAllowed>true</nullsAllowed>
<parentObject>271AC993-89E4-F859-6B1F-F3F089FA7D34</parentObject>
<structAttributeID>6ACA7F8A-A511-99A5-8F55-67702A409721</structAttributeID>
<use>0</use>
<logicalDatatype>LOGDT024</logicalDatatype>
<dataTypeSize>50</dataTypeSize>
<domain>05661700-5CBB-4582-4FC8-8C9A3E524F8E</domain>
<ownDataTypeParameters>50,,</ownDataTypeParameters>
</nestedAttribute>
<nestedAttribute name="info.family.no_child" directorySegmentName="seg_0" id="56D62302-1C66-46E9-9B63-89DA5B80750A">
<createdBy>626-16</createdBy>
<createdTime>2024-09-25 05:47:31 UTC</createdTime>
<ownerDesignName>MovieDB_Class</ownerDesignName>
<engineerTo>
<item key="0BB44160-0F62-19F3-651F-F2D2B86F46D5" value="true"/>
<item key="FA6695EF-BCEF-A470-EC38-B3E9C21A750D" value="true"/>
</engineerTo>
<nullsAllowed>true</nullsAllowed>
<parentObject>271AC993-89E4-F859-6B1F-F3F089FA7D34</parentObject>
<structAttributeID>3C430DCE-8D59-8C65-9BE1-8AFBC33EEAE4</structAttributeID>
<use>0</use>
<logicalDatatype>LOGDT019</logicalDatatype>
<dataTypePrecision>3</dataTypePrecision>
<domain>B617DEF6-6093-A689-A425-727A37BFBA4A</domain>
<ownDataTypeParameters>,3,</ownDataTypeParameters>
<listOfRanges>
<rangeDef class="oracle.dbtools.crest.model.design.constraint.AVT">
<beginValue>50</beginValue>
<endValue>300</endValue>
</rangeDef>
</listOfRanges>
</nestedAttribute>
<nestedAttribute name="info.e_no" directorySegmentName="seg_0" id="E56DBDF8-DA92-5071-59CE-5E99C0CE7BF2">
<createdBy>626-16</createdBy>
<createdTime>2024-09-25 05:47:31 UTC</createdTime>
<ownerDesignName>MovieDB_Class</ownerDesignName>
<engineerTo>
<item key="0BB44160-0F62-19F3-651F-F2D2B86F46D5" value="true"/>
<item key="FA6695EF-BCEF-A470-EC38-B3E9C21A750D" value="true"/>
</engineerTo>
<parentObject>6AD9D519-70AB-9B30-036E-11F5517AF333</parentObject>
<structAttributeID>08760A80-8D1E-DE16-8459-6CA91D20911D</structAttributeID>
<use>0</use>
<logicalDatatype>LOGDT025</logicalDatatype>
<dataTypeSize>13</dataTypeSize>
<domain>DD8B124E-99AC-688E-82A8-FE935816E32E</domain>
<ownDataTypeParameters>13,,</ownDataTypeParameters>
</nestedAttribute>
<nestedAttribute name="info.name" id="7FE35B77-4298-7D18-7ECF-B61E9FF0B9C7">
<createdBy>626-16</createdBy>
<createdTime>2024-09-25 05:47:42 UTC</createdTime>
<ownerDesignName>MovieDB_Class</ownerDesignName>
<engineerTo>
<item key="0BB44160-0F62-19F3-651F-F2D2B86F46D5" value="true"/>
<item key="FA6695EF-BCEF-A470-EC38-B3E9C21A750D" value="true"/>
</engineerTo>
<parentObject>6AD9D519-70AB-9B30-036E-11F5517AF333</parentObject>
<structAttributeID>FF5C3C69-B0E2-577B-5325-DB2822934164</structAttributeID>
<use>0</use>
<logicalDatatype>LOGDT024</logicalDatatype>
<dataTypeSize>50</dataTypeSize>
<domain>05661700-5CBB-4582-4FC8-8C9A3E524F8E</domain>
<ownDataTypeParameters>50,,</ownDataTypeParameters>
</nestedAttribute>
<nestedAttribute name="info.address" id="90781DB1-3B5C-091F-BEDE-767D59BF1257">
<createdBy>626-16</createdBy>
<createdTime>2024-09-25 05:47:42 UTC</createdTime>
<ownerDesignName>MovieDB_Class</ownerDesignName>
<engineerTo>
<item key="0BB44160-0F62-19F3-651F-F2D2B86F46D5" value="true"/>
<item key="FA6695EF-BCEF-A470-EC38-B3E9C21A750D" value="true"/>
</engineerTo>
<nullsAllowed>true</nullsAllowed>
<parentObject>6AD9D519-70AB-9B30-036E-11F5517AF333</parentObject>
<structAttributeID>35184D3A-35BE-23AC-F673-94673E3027B9</structAttributeID>
<use>0</use>
<logicalDatatype>LOGDT024</logicalDatatype>
<dataTypeSize>200</dataTypeSize>
<domain>BB610733-694B-135E-BA79-9E21F81F4819</domain>
<ownDataTypeParameters>200,,</ownDataTypeParameters>
</nestedAttribute>
<nestedAttribute name="info.birthdate" id="8B9AC3FF-85BC-28D1-64CB-7ADC0BF3A8C1">
<createdBy>626-16</createdBy>
<createdTime>2024-09-25 05:47:42 UTC</createdTime>
<ownerDesignName>MovieDB_Class</ownerDesignName>
<engineerTo>
<item key="0BB44160-0F62-19F3-651F-F2D2B86F46D5" value="true"/>
<item key="FA6695EF-BCEF-A470-EC38-B3E9C21A750D" value="true"/>
</engineerTo>
<nullsAllowed>true</nullsAllowed>
<parentObject>6AD9D519-70AB-9B30-036E-11F5517AF333</parentObject>
<structAttributeID>146D9F43-DA70-4BCF-02E6-2EF985576850</structAttributeID>
<use>0</use>
<logicalDatatype>LOGDT007</logicalDatatype>
<domain>278C1086-8127-CBBA-2D85-C56F325DBF56</domain>
<ownDataTypeParameters>,,</ownDataTypeParameters>
</nestedAttribute>
</nestedAttributes>
<identifiers itemClass="oracle.dbtools.crest.model.design.logical.CandidateKey">
<identifier id="7E5E50DA-55F2-A4D6-65A0-24EA587B37F0" name="MovieExec PK">
<createdBy>shhon</createdBy>
<createdTime>2024-09-04 05:28:06 UTC</createdTime>
<ownerDesignName>MovieDB_Class</ownerDesignName>
<engineerTo>
<item key="0BB44160-0F62-19F3-651F-F2D2B86F46D5" value="false"/>
<item key="FA6695EF-BCEF-A470-EC38-B3E9C21A750D" value="true"/>
</engineerTo>
<pk>true</pk>
<newElementsIDs>E56DBDF8-DA92-5071-59CE-5E99C0CE7BF2</newElementsIDs>
<usedAttributes>
<attributeRef>E56DBDF8-DA92-5071-59CE-5E99C0CE7BF2</attributeRef>
</usedAttributes>
</identifier>
<identifier id="44B1EBD9-8FE8-B23C-6654-E176B5C19FC0" name="Unique_Name">
<createdBy>shhon</createdBy>
<createdTime>2024-09-04 05:29:40 UTC</createdTime>
<ownerDesignName>MovieDB_Class</ownerDesignName>
<engineerTo>
<item key="0BB44160-0F62-19F3-651F-F2D2B86F46D5" value="false"/>
<item key="FA6695EF-BCEF-A470-EC38-B3E9C21A750D" value="true"/>
</engineerTo>
<newElementsIDs>7FE35B77-4298-7D18-7ECF-B61E9FF0B9C7</newElementsIDs>
<usedAttributes>
<attributeRef>7FE35B77-4298-7D18-7ECF-B61E9FF0B9C7</attributeRef>
</usedAttributes>
</identifier>
</identifiers>
</Entity>