<?xml version = '1.0' encoding = 'UTF-8'?>
<Entity class="oracle.dbtools.crest.model.design.logical.Entity" directorySegmentName="seg_0" id="9F18CF86-39D7-B157-A5F7-C9E8B200BCF0" name="Movie">
<createdBy>shhon</createdBy>
<createdTime>2024-09-04 04:48:07 UTC</createdTime>
<ownerDesignName>MovieDB_Class</ownerDesignName>
<engineerTo>
<item key="0BB44160-0F62-19F3-651F-F2D2B86F46D5" value="true"/>
</engineerTo>
<adequatelyNormalized>NO</adequatelyNormalized>
<expectedVolumes>0</expectedVolumes>
<fwdEngineeringStrategyName>Single Table</fwdEngineeringStrategyName>
<growthPercent>0</growthPercent>
<growthType>Year</growthType>
<maxVolumes>9999999</maxVolumes>
<minVolumes>0</minVolumes>
<normalForm>Third</normalForm>
<attributes itemClass="oracle.dbtools.crest.model.design.logical.Attribute">
<Attribute name="title" id="806273C7-BABB-5AF2-BE0E-336EDBEEC728">
<createdBy>shhon</createdBy>
<createdTime>2024-09-04 04:49:02 UTC</createdTime>
<ownerDesignName>MovieDB_Class</ownerDesignName>
<engineerTo>
<item key="0BB44160-0F62-19F3-651F-F2D2B86F46D5" value="true"/>
</engineerTo>
<use>0</use>
<logicalDatatype>LOGDT024</logicalDatatype>
<domain>98C19AC1-764F-2D3E-D17F-1F95D35C8621</domain>
<ownDataTypeParameters>,,</ownDataTypeParameters>
</Attribute>
<Attribute name="year" id="4CF9570D-7EB9-401B-BB9C-07602AAF86C4">
<createdBy>shhon</createdBy>
<createdTime>2024-09-04 04:49:29 UTC</createdTime>
<ownerDesignName>MovieDB_Class</ownerDesignName>
<engineerTo>
<item key="0BB44160-0F62-19F3-651F-F2D2B86F46D5" value="true"/>
</engineerTo>
<use>0</use>
<logicalDatatype>LOGDT019</logicalDatatype>
<domain>02DA88D4-047B-A84A-4A09-09D993E63408</domain>
<ownDataTypeParameters>,,</ownDataTypeParameters>
<listOfRanges>
<rangeDef class="oracle.dbtools.crest.model.design.constraint.AVT">
<beginValue>1920</beginValue>
<endValue>2024</endValue>
</rangeDef>
</listOfRanges>
</Attribute>
<Attribute name="length" id="F776D517-0007-5385-9EE8-57A098DC753E">
<createdBy>shhon</createdBy>
<createdTime>2024-09-04 05:06:05 UTC</createdTime>
<ownerDesignName>MovieDB_Class</ownerDesignName>
<engineerTo>
<item key="0BB44160-0F62-19F3-651F-F2D2B86F46D5" value="true"/>
</engineerTo>
<nullsAllowed>true</nullsAllowed>
<use>0</use>
<logicalDatatype>LOGDT019</logicalDatatype>
<domain>B617DEF6-6093-A689-A425-727A37BFBA4A</domain>
<ownDataTypeParameters>,,</ownDataTypeParameters>
<listOfRanges>
<rangeDef class="oracle.dbtools.crest.model.design.constraint.AVT">
<beginValue>50</beginValue>
<endValue>300</endValue>
</rangeDef>
</listOfRanges>
</Attribute>
<Attribute name="inColor" id="FE8F9568-B6C5-FB3A-D4F2-E8890564FC32">
<createdBy>shhon</createdBy>
<createdTime>2024-09-04 05:06:16 UTC</createdTime>
<ownerDesignName>MovieDB_Class</ownerDesignName>
<engineerTo>
<item key="0BB44160-0F62-19F3-651F-F2D2B86F46D5" value="true"/>
</engineerTo>
<nullsAllowed>true</nullsAllowed>
<useDomainConstraints>false</useDomainConstraints>
<use>0</use>
<logicalDatatype>LOGDT025</logicalDatatype>
<dataTypeSize>1</dataTypeSize>
<domain>56C83356-3F05-45B2-E986-63A95E10285D</domain>
<ownDataTypeParameters>1,,</ownDataTypeParameters>
</Attribute>
<Attribute name="studioName" id="8FD2ABF8-CE31-D691-894A-46467764F523">
<createdBy>shhon</createdBy>
<createdTime>2024-09-04 05:10:56 UTC</createdTime>
<generatorID>DD255A34-7B20-5428-C6F3-10A7693F235C</generatorID>
<ownerDesignName>MovieDB_Class</ownerDesignName>
<engineerTo>
<item key="0BB44160-0F62-19F3-651F-F2D2B86F46D5" value="true"/>
</engineerTo>
<referedAttribute>2A42DEBF-F7A0-B62C-0C0D-E42EC34C4DF4</referedAttribute>
<use>0</use>
<logicalDatatype>LOGDT024</logicalDatatype>
<domain>05661700-5CBB-4582-4FC8-8C9A3E524F8E</domain>
<ownDataTypeParameters>,,</ownDataTypeParameters>
</Attribute>
<Attribute name="originTitle" id="0AF1860A-A393-878B-395D-892436EC6E18">
<createdBy>shhon</createdBy>
<createdTime>2024-09-11 06:19:21 UTC</createdTime>
<generatorID>1CC2F0DD-7EC2-3C52-A1FE-733100DD59C2</generatorID>
<ownerDesignName>MovieDB_Class</ownerDesignName>
<engineerTo>
<item key="0BB44160-0F62-19F3-651F-F2D2B86F46D5" value="true"/>
</engineerTo>
<nullsAllowed>true</nullsAllowed>
<referedAttribute>806273C7-BABB-5AF2-BE0E-336EDBEEC728</referedAttribute>
<use>0</use>
<logicalDatatype>LOGDT024</logicalDatatype>
<domain>98C19AC1-764F-2D3E-D17F-1F95D35C8621</domain>
<ownDataTypeParameters>,,</ownDataTypeParameters>
</Attribute>
<Attribute name="originYear" id="00B26A43-50C2-5D4D-63A2-82A70C5B74DF">
<createdBy>shhon</createdBy>
<createdTime>2024-09-11 06:19:21 UTC</createdTime>
<generatorID>1CC2F0DD-7EC2-3C52-A1FE-733100DD59C2</generatorID>
<ownerDesignName>MovieDB_Class</ownerDesignName>
<engineerTo>
<item key="0BB44160-0F62-19F3-651F-F2D2B86F46D5" value="true"/>
</engineerTo>
<nullsAllowed>true</nullsAllowed>
<referedAttribute>4CF9570D-7EB9-401B-BB9C-07602AAF86C4</referedAttribute>
<use>0</use>
<logicalDatatype>LOGDT019</logicalDatatype>
<domain>02DA88D4-047B-A84A-4A09-09D993E63408</domain>
<ownDataTypeParameters>,,</ownDataTypeParameters>
<listOfRanges>
<rangeDef class="oracle.dbtools.crest.model.design.constraint.AVT">
<beginValue>1920</beginValue>
<endValue>2024</endValue>
</rangeDef>
</listOfRanges>
</Attribute>
</attributes>
<identifiers itemClass="oracle.dbtools.crest.model.design.logical.CandidateKey">
<identifier id="55250705-F24E-2520-BEC2-2AC1AC807587" name="Movie_PKey">
<createdBy>shhon</createdBy>
<createdTime>2024-09-04 04:50:13 UTC</createdTime>
<ownerDesignName>MovieDB_Class</ownerDesignName>
<shouldEngineer>false</shouldEngineer>
<engineerTo>
<item key="0BB44160-0F62-19F3-651F-F2D2B86F46D5" value="false"/>
</engineerTo>
<pk>true</pk>
<newElementsIDs>806273C7-BABB-5AF2-BE0E-336EDBEEC728,4CF9570D-7EB9-401B-BB9C-07602AAF86C4</newElementsIDs>
<usedAttributes>
<attributeRef>806273C7-BABB-5AF2-BE0E-336EDBEEC728</attributeRef>
<attributeRef>4CF9570D-7EB9-401B-BB9C-07602AAF86C4</attributeRef>
</usedAttributes>
</identifier>
</identifiers>
</Entity>