<?xml version = '1.0' encoding = 'UTF-8'?>
<Entity class="oracle.dbtools.crest.model.design.logical.Entity" directorySegmentName="seg_0" id="D595EB7D-3010-A0F8-B655-BDEA2740EE65" name="Crew">
<createdBy>626-16</createdBy>
<createdTime>2024-09-25 04:57:15 UTC</createdTime>
<notes><![CDATA[Weak Entity Set]]></notes>
<ownerDesignName>MovieDB_Class</ownerDesignName>
<engineerTo>
<item key="0BB44160-0F62-19F3-651F-F2D2B86F46D5" value="true"/>
</engineerTo>
<adequatelyNormalized>NO</adequatelyNormalized>
<expectedVolumes>0</expectedVolumes>
<fwdEngineeringStrategyName>Single Table</fwdEngineeringStrategyName>
<growthPercent>0</growthPercent>
<growthType>Year</growthType>
<maxVolumes>9999999</maxVolumes>
<minVolumes>0</minVolumes>
<normalForm>Third</normalForm>
<attributes itemClass="oracle.dbtools.crest.model.design.logical.Attribute">
<Attribute name="number" id="47380E3F-999E-0763-D514-6E08F72A1FC5">
<createdBy>626-16</createdBy>
<createdTime>2024-09-25 04:57:35 UTC</createdTime>
<ownerDesignName>MovieDB_Class</ownerDesignName>
<engineerTo>
<item key="0BB44160-0F62-19F3-651F-F2D2B86F46D5" value="true"/>
</engineerTo>
<use>0</use>
<logicalDatatype>LOGDT019</logicalDatatype>
<domain>CE133EA7-C930-E7A1-A9C7-B6B38813555D</domain>
<ownDataTypeParameters>,,</ownDataTypeParameters>
<listOfRanges>
<rangeDef class="oracle.dbtools.crest.model.design.constraint.AVT">
<beginValue>1</beginValue>
<endValue>9999999</endValue>
</rangeDef>
</listOfRanges>
</Attribute>
<Attribute name="studioName" id="94C796A6-6741-7F2C-1AE9-FC72CDB18258">
<createdBy>626-16</createdBy>
<createdTime>2024-09-25 04:59:07 UTC</createdTime>
<generatorID>032A531D-5D85-7D0D-93DD-341CEB1561D4</generatorID>
<ownerDesignName>MovieDB_Class</ownerDesignName>
<engineerTo>
<item key="0BB44160-0F62-19F3-651F-F2D2B86F46D5" value="true"/>
</engineerTo>
<referedAttribute>2A42DEBF-F7A0-B62C-0C0D-E42EC34C4DF4</referedAttribute>
<use>0</use>
<logicalDatatype>LOGDT024</logicalDatatype>
<domain>05661700-5CBB-4582-4FC8-8C9A3E524F8E</domain>
<ownDataTypeParameters>,,</ownDataTypeParameters>
</Attribute>
</attributes>
<identifiers itemClass="oracle.dbtools.crest.model.design.logical.CandidateKey">
<identifier id="0B06B4EB-D2B8-549F-6B5E-AF99D4881884" name="Crew PK">
<createdBy>626-16</createdBy>
<createdTime>2024-09-25 04:57:47 UTC</createdTime>
<ownerDesignName>MovieDB_Class</ownerDesignName>
<engineerTo>
<item key="0BB44160-0F62-19F3-651F-F2D2B86F46D5" value="true"/>
</engineerTo>
<pk>true</pk>
<usedAttributes>
<attributeRef>47380E3F-999E-0763-D514-6E08F72A1FC5</attributeRef>
</usedAttributes>
</identifier>
</identifiers>
</Entity>