<?xml version = '1.0' encoding = 'UTF-8'?>
<Entity class="oracle.dbtools.crest.model.design.logical.Entity" directorySegmentName="seg_0" id="E485CB80-06D8-10B7-8CA9-7105179AD165" name="Cartoon">
<createdBy>shhon</createdBy>
<createdTime>2024-09-11 06:30:01 UTC</createdTime>
<ownerDesignName>MovieDB_Class</ownerDesignName>
<engineerTo>
<item key="0BB44160-0F62-19F3-651F-F2D2B86F46D5" value="true"/>
</engineerTo>
<adequatelyNormalized>NO</adequatelyNormalized>
<expectedVolumes>0</expectedVolumes>
<fwdEngineeringStrategyName>Single Table</fwdEngineeringStrategyName>
<growthPercent>0</growthPercent>
<growthType>Year</growthType>
<maxVolumes>9999999</maxVolumes>
<minVolumes>0</minVolumes>
<normalForm>Third</normalForm>
<attributes itemClass="oracle.dbtools.crest.model.design.logical.Attribute">
<Attribute name="title" id="5B045626-0834-5206-EA97-56149994DDAA">
<createdBy>shhon</createdBy>
<createdTime>2024-09-11 06:31:16 UTC</createdTime>
<generatorID>DCFE6ADB-0D2D-FD7B-24F2-7E44F427D16F</generatorID>
<ownerDesignName>MovieDB_Class</ownerDesignName>
<engineerTo>
<item key="0BB44160-0F62-19F3-651F-F2D2B86F46D5" value="true"/>
</engineerTo>
<referedAttribute>806273C7-BABB-5AF2-BE0E-336EDBEEC728</referedAttribute>
<use>0</use>
<logicalDatatype>LOGDT024</logicalDatatype>
<domain>98C19AC1-764F-2D3E-D17F-1F95D35C8621</domain>
<ownDataTypeParameters>,,</ownDataTypeParameters>
</Attribute>
<Attribute name="year" id="D907ADDA-28C1-F979-5B50-3AC94028C90C">
<createdBy>shhon</createdBy>
<createdTime>2024-09-11 06:31:16 UTC</createdTime>
<generatorID>DCFE6ADB-0D2D-FD7B-24F2-7E44F427D16F</generatorID>
<ownerDesignName>MovieDB_Class</ownerDesignName>
<engineerTo>
<item key="0BB44160-0F62-19F3-651F-F2D2B86F46D5" value="true"/>
</engineerTo>
<referedAttribute>4CF9570D-7EB9-401B-BB9C-07602AAF86C4</referedAttribute>
<use>0</use>
<logicalDatatype>LOGDT019</logicalDatatype>
<domain>02DA88D4-047B-A84A-4A09-09D993E63408</domain>
<ownDataTypeParameters>,,</ownDataTypeParameters>
<listOfRanges>
<rangeDef class="oracle.dbtools.crest.model.design.constraint.AVT">
<beginValue>1920</beginValue>
<endValue>2024</endValue>
</rangeDef>
</listOfRanges>
</Attribute>
</attributes>
<identifiers itemClass="oracle.dbtools.crest.model.design.logical.CandidateKey">
<identifier id="E0EB0A21-B144-2691-940A-25A5B2E56DDD" name="Cartoon PK">
<createdBy>shhon</createdBy>
<createdTime>2024-09-11 06:32:30 UTC</createdTime>
<ownerDesignName>MovieDB_Class</ownerDesignName>
<engineerTo>
<item key="0BB44160-0F62-19F3-651F-F2D2B86F46D5" value="true"/>
</engineerTo>
<pk>true</pk>
<usedAttributes>
<attributeRef>5B045626-0834-5206-EA97-56149994DDAA</attributeRef>
<attributeRef>D907ADDA-28C1-F979-5B50-3AC94028C90C</attributeRef>
</usedAttributes>
</identifier>
</identifiers>
</Entity>