<?xml version = '1.0' encoding = 'UTF-8'?>
<relationalModel class="oracle.dbtools.crest.model.design.relational.RelationalDesign" name="Relational_2" id="FA6695EF-BCEF-A470-EC38-B3E9C21A750D" mainViewID="50DDDCEF-0016-050C-C995-FF0AE75EF385">
<createdBy>626-16</createdBy>
<createdTime>2024-09-25 05:52:02 UTC</createdTime>
<ownerDesignName>MovieDB_Class</ownerDesignName>
<shouldBeOpen>false</shouldBeOpen>
<selectedRDBMSSite>3FD120B5-9F4E-6278-D5E2-746D192C8319</selectedRDBMSSite>
</relationalModel>