<?xml version = '1.0' encoding = 'UTF-8'?>
<Relation class="oracle.dbtools.crest.model.design.logical.Relation" name="Crew_Of" directorySegmentName="seg_0" id="032A531D-5D85-7D0D-93DD-341CEB1561D4">
<createdBy>626-16</createdBy>
<createdTime>2024-09-25 04:59:07 UTC</createdTime>
<ownerDesignName>MovieDB_Class</ownerDesignName>
<engineerTo>
<item key="0BB44160-0F62-19F3-651F-F2D2B86F46D5" value="true"/>
</engineerTo>
<sourcePk>15A005F8-162C-FA02-154C-7831C5E62FBF</sourcePk>
<identifying>true</identifying>
<optionalSource>true</optionalSource>
<optionalTarget>false</optionalTarget>
<sourceCardinality>1</sourceCardinality>
<sourceEntity>88356533-5734-8223-04E9-2250A396A37F</sourceEntity>
<targetCardinalityString>*</targetCardinalityString>
<targetEntity>D595EB7D-3010-A0F8-B655-BDEA2740EE65</targetEntity>
<transferable>true</transferable>
<deleteRule>NO ACTION</deleteRule>
</Relation>