<?xml version = '1.0' encoding = 'UTF-8'?>
<Relation class="oracle.dbtools.crest.model.design.logical.Relation" name="Contract_Studio" directorySegmentName="seg_0" id="58029BBB-1A4E-3FB4-C42D-98529A2ACBA2">
<createdBy>626-16</createdBy>
<createdTime>2024-09-25 05:05:12 UTC</createdTime>
<ownerDesignName>MovieDB_Class</ownerDesignName>
<engineerTo>
<item key="0BB44160-0F62-19F3-651F-F2D2B86F46D5" value="true"/>
</engineerTo>
<sourcePk>15A005F8-162C-FA02-154C-7831C5E62FBF</sourcePk>
<identifying>true</identifying>
<optionalSource>true</optionalSource>
<optionalTarget>false</optionalTarget>
<sourceCardinality>1</sourceCardinality>
<sourceEntity>88356533-5734-8223-04E9-2250A396A37F</sourceEntity>
<targetCardinalityString>*</targetCardinalityString>
<targetEntity>236EE77B-5765-E6F0-471A-9EDB67BC69ED</targetEntity>
<transferable>true</transferable>
<deleteRule>NO ACTION</deleteRule>
</Relation>