<?xml version = '1.0' encoding = 'UTF-8'?>
<Relation class="oracle.dbtools.crest.model.design.logical.Relation" name="Contract_Movie" directorySegmentName="seg_0" id="8CCA6D26-72B1-66C5-DD5F-EF3B7316AA4C">
<createdBy>626-16</createdBy>
<createdTime>2024-09-25 05:04:28 UTC</createdTime>
<ownerDesignName>MovieDB_Class</ownerDesignName>
<engineerTo>
<item key="0BB44160-0F62-19F3-651F-F2D2B86F46D5" value="true"/>
</engineerTo>
<sourcePk>55250705-F24E-2520-BEC2-2AC1AC807587</sourcePk>
<identifying>true</identifying>
<optionalSource>true</optionalSource>
<optionalTarget>false</optionalTarget>
<sourceCardinality>1</sourceCardinality>
<sourceEntity>9F18CF86-39D7-B157-A5F7-C9E8B200BCF0</sourceEntity>
<targetCardinalityString>*</targetCardinalityString>
<targetEntity>236EE77B-5765-E6F0-471A-9EDB67BC69ED</targetEntity>
<transferable>true</transferable>
<deleteRule>NO ACTION</deleteRule>
</Relation>