<?xml version = '1.0' encoding = 'UTF-8'?>
<Relation class="oracle.dbtools.crest.model.design.logical.Relation" name="officeOf" directorySegmentName="seg_0" id="906CC68D-2D90-3AFD-FF42-856AA00AD0B7">
<createdBy>shhon</createdBy>
<createdTime>2024-09-11 05:15:52 UTC</createdTime>
<ownerDesignName>MovieDB_Class</ownerDesignName>
<engineerTo>
<item key="0BB44160-0F62-19F3-651F-F2D2B86F46D5" value="true"/>
</engineerTo>
<sourcePk>15A005F8-162C-FA02-154C-7831C5E62FBF</sourcePk>
<identifying>false</identifying>
<optionalSource>false</optionalSource>
<optionalTarget>true</optionalTarget>
<sourceCardinality>1</sourceCardinality>
<sourceEntity>88356533-5734-8223-04E9-2250A396A37F</sourceEntity>
<targetCardinalityString>*</targetCardinalityString>
<targetEntity>40E163B1-705C-43A5-5203-051A16CB4C19</targetEntity>
<transferable>true</transferable>
<deleteRule>NO ACTION</deleteRule>
</Relation>