<?xml version = '1.0' encoding = 'UTF-8'?>
<Relation class="oracle.dbtools.crest.model.design.logical.Relation" name="Contract_Star" directorySegmentName="seg_0" id="AB8CCEC9-37A5-A9CC-2A05-D6E8F71EC7D3">
<createdBy>626-16</createdBy>
<createdTime>2024-09-25 05:04:48 UTC</createdTime>
<ownerDesignName>MovieDB_Class</ownerDesignName>
<engineerTo>
<item key="0BB44160-0F62-19F3-651F-F2D2B86F46D5" value="true"/>
<item key="FA6695EF-BCEF-A470-EC38-B3E9C21A750D" value="true"/>
</engineerTo>
<sourcePk>AEC2CEEC-9607-1F1A-D48E-7259DB63109B</sourcePk>
<identifying>false</identifying>
<optionalSource>true</optionalSource>
<optionalTarget>false</optionalTarget>
<sourceCardinality>1</sourceCardinality>
<sourceEntity>638A60B7-B20C-309B-4EF7-65C4049253B5</sourceEntity>
<targetCardinalityString>*</targetCardinalityString>
<targetEntity>236EE77B-5765-E6F0-471A-9EDB67BC69ED</targetEntity>
<transferable>true</transferable>
<deleteRule>NO ACTION</deleteRule>
</Relation>