<?xml version = '1.0' encoding = 'UTF-8'?>
<Relation class="oracle.dbtools.crest.model.design.logical.Relation" name="Cartoon_Of" directorySegmentName="seg_0" id="DCFE6ADB-0D2D-FD7B-24F2-7E44F427D16F">
<createdBy>shhon</createdBy>
<createdTime>2024-09-11 06:31:16 UTC</createdTime>
<ownerDesignName>MovieDB_Class</ownerDesignName>
<engineerTo>
<item key="0BB44160-0F62-19F3-651F-F2D2B86F46D5" value="true"/>
</engineerTo>
<sourcePk>55250705-F24E-2520-BEC2-2AC1AC807587</sourcePk>
<dominantRole>9F18CF86-39D7-B157-A5F7-C9E8B200BCF0</dominantRole>
<identifying>true</identifying>
<optionalSource>true</optionalSource>
<optionalTarget>false</optionalTarget>
<sourceCardinality>1</sourceCardinality>
<sourceEntity>9F18CF86-39D7-B157-A5F7-C9E8B200BCF0</sourceEntity>
<targetCardinalityString>1</targetCardinalityString>
<targetEntity>E485CB80-06D8-10B7-8CA9-7105179AD165</targetEntity>
<transferable>true</transferable>
<deleteRule>NO ACTION</deleteRule>
</Relation>