<?xml version = '1.0' encoding = 'UTF-8'?>
<FKIndexAssociation class="oracle.dbtools.crest.model.design.relational.FKIndexAssociation" directorySegmentName="seg_0" id="2B68F907-41AC-E3B0-FF83-F5F2BE811378" containerWithKeyObject="EC2DF53E-6E34-FB4A-2BE1-2E0F55053BAE" localFKIndex="A87FBFFF-8436-65BC-12F4-03515397D806" name="Married">
<createdBy>shhon</createdBy>
<createdTime>2024-09-11 05:39:04 UTC</createdTime>
<generatorID>02B5F114-D4E6-31EF-84E6-60EBCBB8FF02</generatorID>
<ownerDesignName>MovieDB_Class</ownerDesignName>
<referredTableLongName>MovieExec</referredTableLongName>
<deleteRule>NO ACTION</deleteRule>
<referredTableID>B342A99E-5EA9-C0B2-DB22-63F2822F6B93</referredTableID>
<keyObject>C78FC2CF-8D90-41EC-525F-25646D369C75</keyObject>
<referredKeyID>C78FC2CF-8D90-41EC-525F-25646D369C75</referredKeyID>
<mandatory>false</mandatory>
<refColNames>certNo</refColNames>
<transferable>false</transferable>
<rely>false</rely>
<columnDependencyConstraintGenerateInDDL>true</columnDependencyConstraintGenerateInDDL>
</FKIndexAssociation>