<?xml version = '1.0' encoding = 'UTF-8'?>
<FKIndexAssociation class="oracle.dbtools.crest.model.design.relational.FKIndexAssociation" directorySegmentName="seg_0" id="31C01115-9697-06CC-21BA-596409183367" containerWithKeyObject="FCA2B5DF-63F9-D90E-9ED8-F8214CA2A04B" localFKIndex="FCE0B808-31AF-0864-FC97-A37B48CD1DC1" name="officeOf">
<createdBy>shhon</createdBy>
<createdTime>2024-09-11 05:39:04 UTC</createdTime>
<generatorID>906CC68D-2D90-3AFD-FF42-856AA00AD0B7</generatorID>
<ownerDesignName>MovieDB_Class</ownerDesignName>
<referredTableLongName>Studio</referredTableLongName>
<deleteRule>NO ACTION</deleteRule>
<referredTableID>2F25D557-6287-2B5B-50BF-2DDEFBD9D626</referredTableID>
<keyObject>19B69F57-9AD3-97FA-48B2-14DFCF69CD3E</keyObject>
<referredKeyID>19B69F57-9AD3-97FA-48B2-14DFCF69CD3E</referredKeyID>
<mandatory>false</mandatory>
<refColNames>name</refColNames>
<transferable>true</transferable>
<rely>false</rely>
<columnDependencyConstraintGenerateInDDL>true</columnDependencyConstraintGenerateInDDL>
</FKIndexAssociation>