<?xml version = '1.0' encoding = 'UTF-8'?>
<FKIndexAssociation class="oracle.dbtools.crest.model.design.relational.FKIndexAssociation" directorySegmentName="seg_0" id="40BEBD49-8002-853D-C3FA-82227DAD8D5E" containerWithKeyObject="FCA2B5DF-63F9-D90E-9ED8-F8214CA2A04B" localFKIndex="ECDB3702-D67E-8386-98AA-091C61CCA32D" name="addressOf">
<createdBy>shhon</createdBy>
<createdTime>2024-09-11 05:39:04 UTC</createdTime>
<generatorID>559BD958-730E-BEC6-A92D-44CA3B8D5E19</generatorID>
<ownerDesignName>MovieDB_Class</ownerDesignName>
<referredTableLongName>MovieExec</referredTableLongName>
<deleteRule>NO ACTION</deleteRule>
<referredTableID>B342A99E-5EA9-C0B2-DB22-63F2822F6B93</referredTableID>
<keyObject>C78FC2CF-8D90-41EC-525F-25646D369C75</keyObject>
<referredKeyID>C78FC2CF-8D90-41EC-525F-25646D369C75</referredKeyID>
<mandatory>false</mandatory>
<refColNames>certNo</refColNames>
<transferable>true</transferable>
<rely>false</rely>
<columnDependencyConstraintGenerateInDDL>true</columnDependencyConstraintGenerateInDDL>
</FKIndexAssociation>