<?xml version = '1.0' encoding = 'UTF-8'?>
<FKIndexAssociation class="oracle.dbtools.crest.model.design.relational.FKIndexAssociation" directorySegmentName="seg_0" id="41CE4D37-0870-4718-8B58-3578BBE49908" containerWithKeyObject="FCA2B5DF-63F9-D90E-9ED8-F8214CA2A04B" localFKIndex="76A8D05B-60B0-78C0-3225-61BF7ADB0ECF" name="star_address_of">
<createdBy>shhon</createdBy>
<createdTime>2024-09-11 05:39:04 UTC</createdTime>
<generatorID>411448BF-8E30-1DF5-9616-197756115DB4</generatorID>
<ownerDesignName>MovieDB_Class</ownerDesignName>
<referredTableLongName>MovieStar</referredTableLongName>
<deleteRule>NO ACTION</deleteRule>
<referredTableID>EC2DF53E-6E34-FB4A-2BE1-2E0F55053BAE</referredTableID>
<keyObject>A910688A-7DBA-F126-5642-14994D1E2AEA</keyObject>
<referredKeyID>A910688A-7DBA-F126-5642-14994D1E2AEA</referredKeyID>
<mandatory>false</mandatory>
<refColNames>name</refColNames>
<transferable>true</transferable>
<rely>false</rely>
<columnDependencyConstraintGenerateInDDL>true</columnDependencyConstraintGenerateInDDL>
</FKIndexAssociation>