<?xml version = '1.0' encoding = 'UTF-8'?>
<FKIndexAssociation class="oracle.dbtools.crest.model.design.relational.FKIndexAssociation" directorySegmentName="seg_0" id="43283A86-6E7E-9CD7-A762-353291648779" containerWithKeyObject="600252DC-C271-4A83-2F6C-3E9206D5AA50" localFKIndex="E6F2FB17-89AE-6465-AA9E-199085237FF3" name="StarsIn_Movie_FK">
<createdBy>shhon</createdBy>
<createdTime>2024-09-11 05:39:04 UTC</createdTime>
<generatorID>BA88CC4F-E690-8FFB-9CCC-9BDDF1B49026</generatorID>
<ownerDesignName>MovieDB_Class</ownerDesignName>
<referredTableLongName>Movie</referredTableLongName>
<deleteRule>NO ACTION</deleteRule>
<referredTableID>2437CCFD-8F6F-2B73-665F-06F16438A3DC</referredTableID>
<keyObject>2CC119DD-A6BE-0951-5C6F-6A0DABF5C7F1</keyObject>
<referredKeyID>2CC119DD-A6BE-0951-5C6F-6A0DABF5C7F1</referredKeyID>
<mandatory>true</mandatory>
<refColNames>title,year</refColNames>
<transferable>true</transferable>
<rely>false</rely>
<columnDependencyConstraintGenerateInDDL>true</columnDependencyConstraintGenerateInDDL>
</FKIndexAssociation>