<?xml version = '1.0' encoding = 'UTF-8'?>
<FKIndexAssociation class="oracle.dbtools.crest.model.design.relational.FKIndexAssociation" directorySegmentName="seg_0" id="572DACD2-695F-5AFD-8CE2-195CBEF06B80" containerWithKeyObject="2437CCFD-8F6F-2B73-665F-06F16438A3DC" localFKIndex="5687617F-939D-CC49-63B1-B5122B46BB46" name="Owns">
<createdBy>shhon</createdBy>
<createdTime>2024-09-11 05:39:04 UTC</createdTime>
<generatorID>DD255A34-7B20-5428-C6F3-10A7693F235C</generatorID>
<ownerDesignName>MovieDB_Class</ownerDesignName>
<referredTableLongName>Studio</referredTableLongName>
<deleteRule>NO ACTION</deleteRule>
<referredTableID>2F25D557-6287-2B5B-50BF-2DDEFBD9D626</referredTableID>
<keyObject>19B69F57-9AD3-97FA-48B2-14DFCF69CD3E</keyObject>
<referredKeyID>19B69F57-9AD3-97FA-48B2-14DFCF69CD3E</referredKeyID>
<mandatory>true</mandatory>
<refColNames>name</refColNames>
<transferable>true</transferable>
<rely>false</rely>
<columnDependencyConstraintGenerateInDDL>true</columnDependencyConstraintGenerateInDDL>
</FKIndexAssociation>