<?xml version = '1.0' encoding = 'UTF-8'?>
<FKIndexAssociation class="oracle.dbtools.crest.model.design.relational.FKIndexAssociation" directorySegmentName="seg_0" id="950C8085-E582-C5B4-0389-9A055899AAB1" containerWithKeyObject="2F25D557-6287-2B5B-50BF-2DDEFBD9D626" localFKIndex="41427081-25BC-2928-4913-4C8571288977" name="Runs">
<createdBy>shhon</createdBy>
<createdTime>2024-09-11 05:39:04 UTC</createdTime>
<generatorID>E02DD558-59CF-C066-FEE5-7946EA286DF3</generatorID>
<ownerDesignName>MovieDB_Class</ownerDesignName>
<referredTableLongName>MovieExec</referredTableLongName>
<deleteRule>NO ACTION</deleteRule>
<referredTableID>B342A99E-5EA9-C0B2-DB22-63F2822F6B93</referredTableID>
<keyObject>C78FC2CF-8D90-41EC-525F-25646D369C75</keyObject>
<referredKeyID>C78FC2CF-8D90-41EC-525F-25646D369C75</referredKeyID>
<mandatory>false</mandatory>
<refColNames>certNo</refColNames>
<transferable>false</transferable>
<rely>false</rely>
<columnDependencyConstraintGenerateInDDL>true</columnDependencyConstraintGenerateInDDL>
</FKIndexAssociation>