<?xml version = '1.0' encoding = 'UTF-8'?>
<FKIndexAssociation class="oracle.dbtools.crest.model.design.relational.FKIndexAssociation" directorySegmentName="seg_0" id="CADE9701-7AC1-F99E-6664-2E2721A4906B" containerWithKeyObject="600252DC-C271-4A83-2F6C-3E9206D5AA50" localFKIndex="06607AA7-807A-5447-D1C2-859B555BCC0D" name="StarsIn_MovieStar_FK">
<createdBy>shhon</createdBy>
<createdTime>2024-09-11 05:39:04 UTC</createdTime>
<generatorID>BA88CC4F-E690-8FFB-9CCC-9BDDF1B49026</generatorID>
<ownerDesignName>MovieDB_Class</ownerDesignName>
<referredTableLongName>MovieStar</referredTableLongName>
<deleteRule>NO ACTION</deleteRule>
<referredTableID>EC2DF53E-6E34-FB4A-2BE1-2E0F55053BAE</referredTableID>
<keyObject>A910688A-7DBA-F126-5642-14994D1E2AEA</keyObject>
<referredKeyID>A910688A-7DBA-F126-5642-14994D1E2AEA</referredKeyID>
<mandatory>true</mandatory>
<refColNames>name</refColNames>
<transferable>true</transferable>
<rely>false</rely>
<columnDependencyConstraintGenerateInDDL>true</columnDependencyConstraintGenerateInDDL>
</FKIndexAssociation>