<?xml version = '1.0' encoding = 'UTF-8'?>
<FKIndexAssociation class="oracle.dbtools.crest.model.design.relational.FKIndexAssociation" directorySegmentName="seg_0" id="0B57A3EB-B561-E8A9-0ECC-156C16F2C7CD" containerWithKeyObject="CC19230B-A15D-B530-98CB-F46FD6C1D7EE" localFKIndex="3F580D9A-C7F9-01C9-FFDF-5DAB61D49006" name="StarsIn_Movie_FK">
<createdBy>shhong</createdBy>
<createdTime>2024-10-01 12:44:45 UTC</createdTime>
<generatorID>CE30CF12-74B7-6E39-5C36-A98D7FCBFC32</generatorID>
<ownerDesignName>MovieDB</ownerDesignName>
<referredTableLongName>Movie</referredTableLongName>
<deleteRule>NO ACTION</deleteRule>
<referredTableID>4C203627-706F-6498-CAD7-C659CD508F20</referredTableID>
<keyObject>A3CD7257-2D1F-E2F5-6F5E-D91B8C82CF2A</keyObject>
<referredKeyID>A3CD7257-2D1F-E2F5-6F5E-D91B8C82CF2A</referredKeyID>
<mandatory>true</mandatory>
<refColNames>title,year</refColNames>
<transferable>true</transferable>
<rely>false</rely>
<columnDependencyConstraintGenerateInDDL>true</columnDependencyConstraintGenerateInDDL>
</FKIndexAssociation>