<?xml version = '1.0' encoding = 'UTF-8'?>
<FKIndexAssociation class="oracle.dbtools.crest.model.design.relational.FKIndexAssociation" directorySegmentName="seg_0" id="0DB66B0D-F6B5-9F95-819A-9BBC59A4327D" containerWithKeyObject="CC19230B-A15D-B530-98CB-F46FD6C1D7EE" localFKIndex="F0DC5DFD-9FCA-7965-50F3-0A11AEB03544" name="StarsIn_MovieStar_FK">
<createdBy>shhong</createdBy>
<createdTime>2024-10-01 12:44:45 UTC</createdTime>
<generatorID>CE30CF12-74B7-6E39-5C36-A98D7FCBFC32</generatorID>
<ownerDesignName>MovieDB</ownerDesignName>
<referredTableLongName>MovieStar</referredTableLongName>
<deleteRule>NO ACTION</deleteRule>
<referredTableID>80CBEA41-6BE3-1EBE-8ABD-DF964926CE40</referredTableID>
<keyObject>A5BD9F9C-EADF-9224-2660-A58CA5EFF5E9</keyObject>
<referredKeyID>A5BD9F9C-EADF-9224-2660-A58CA5EFF5E9</referredKeyID>
<mandatory>true</mandatory>
<refColNames>name</refColNames>
<transferable>true</transferable>
<rely>false</rely>
<columnDependencyConstraintGenerateInDDL>true</columnDependencyConstraintGenerateInDDL>
</FKIndexAssociation>