<?xml version = '1.0' encoding = 'UTF-8'?>
<FKIndexAssociation class="oracle.dbtools.crest.model.design.relational.FKIndexAssociation" directorySegmentName="seg_0" id="9D2D1574-B792-119E-CEFF-8E68C3C319CA" containerWithKeyObject="4C203627-706F-6498-CAD7-C659CD508F20" localFKIndex="49D9E2F2-B9B6-CC5E-8A78-BA871F9C6072" name="Owns">
<createdBy>shhong</createdBy>
<createdTime>2024-10-01 12:44:45 UTC</createdTime>
<generatorID>045ABAD9-1BE7-0DE9-6C4B-78390BD48092</generatorID>
<ownerDesignName>MovieDB</ownerDesignName>
<referredTableLongName>Studio</referredTableLongName>
<deleteRule>NO ACTION</deleteRule>
<referredTableID>16059613-9EDF-CAA9-CD91-570CBEC1A3FD</referredTableID>
<keyObject>B4B9A926-BA94-0B7E-8848-30EEBAEC56BD</keyObject>
<referredKeyID>B4B9A926-BA94-0B7E-8848-30EEBAEC56BD</referredKeyID>
<mandatory>true</mandatory>
<refColNames>name</refColNames>
<transferable>true</transferable>
<rely>false</rely>
<columnDependencyConstraintGenerateInDDL>true</columnDependencyConstraintGenerateInDDL>
</FKIndexAssociation>