<?xml version = '1.0' encoding = 'UTF-8'?>
<FKIndexAssociation class="oracle.dbtools.crest.model.design.relational.FKIndexAssociation" directorySegmentName="seg_0" id="B0EBD037-3768-E809-5CF6-3C4E3DEAE528" containerWithKeyObject="16059613-9EDF-CAA9-CD91-570CBEC1A3FD" localFKIndex="9B58E681-6BD9-231F-51DB-B95155B5F208" name="President">
<createdBy>shhong</createdBy>
<createdTime>2024-10-01 12:44:45 UTC</createdTime>
<generatorID>3399C794-5D19-07EF-F73C-584823D27AB9</generatorID>
<ownerDesignName>MovieDB</ownerDesignName>
<referredTableLongName>MovieExec</referredTableLongName>
<deleteRule>NO ACTION</deleteRule>
<referredTableID>135ED7E0-A1B4-7D2A-7476-8FEB8DCDABFD</referredTableID>
<keyObject>8AD182CE-88E2-72A7-582F-4D5D440315B0</keyObject>
<referredKeyID>8AD182CE-88E2-72A7-582F-4D5D440315B0</referredKeyID>
<mandatory>true</mandatory>
<refColNames>certno</refColNames>
<transferable>true</transferable>
<rely>false</rely>
<columnDependencyConstraintGenerateInDDL>true</columnDependencyConstraintGenerateInDDL>
</FKIndexAssociation>