<?xml version = '1.0' encoding = 'UTF-8'?>
<Diagram class="oracle.dbtools.crest.swingui.relational.DPVRelational" name="Relational_1" id="2B8F9259-50AA-932E-BED6-D6F00ED74AD7">
<createdBy>626-16</createdBy>
<modifiedBy>626-16</modifiedBy>
<createdTime>2024-09-04 04:42:12 UTC</createdTime>
<autoRoute>false</autoRoute>
<boxInbox>true</boxInbox>
<showLegend>false</showLegend>
<showLabels>false</showLabels>
<showRelAttributes>false</showRelAttributes>
<gridEnabled>false</gridEnabled>
<showGrid>false</showGrid>
<diagramColor>-1</diagramColor>
<display>false</display>
<notation>1</notation>
<objectViews>
<OView class="oracle.dbtools.crest.swingui.relational.TVTable" oid="09FE21F0-1D8C-4D2D-D9FB-DD270C0069C8" otype="Table" vid="4AAE5D90-AA19-2708-1F91-045418B85DD0">
<hideElementsInCurrentOnly>false</hideElementsInCurrentOnly>
<bounds x="17" y="18" width="220" height="156"/>
</OView>
<OView class="oracle.dbtools.crest.swingui.relational.TVTable" oid="103E5E48-05A9-FFD5-9174-1B33C1DF8651" otype="Table" vid="EC8A55A6-99C6-9C68-FBC9-BC7C75A20427">
<hideElementsInCurrentOnly>false</hideElementsInCurrentOnly>
<bounds x="36" y="398" width="198" height="124"/>
</OView>
<OView class="oracle.dbtools.crest.swingui.relational.TVTable" oid="30A168BA-723B-2C12-D10C-F6311A325738" otype="Table" vid="60538AAA-CB71-45A8-2373-F7669D104119">
<hideElementsInCurrentOnly>false</hideElementsInCurrentOnly>
<bounds x="13" y="212" width="292" height="158"/>
</OView>
<OView class="oracle.dbtools.crest.swingui.relational.TVTable" oid="D811138A-0D74-FC5F-AFDA-EA45316CA642" otype="Table" vid="3B2FDE59-74B8-F35E-C42E-D23540390444">
<hideElementsInCurrentOnly>false</hideElementsInCurrentOnly>
<bounds x="429" y="313" width="203" height="129"/>
</OView>
<OView class="oracle.dbtools.crest.swingui.relational.TVTable" oid="EE124612-FB6C-AAA1-1418-B828BC275E47" otype="Table" vid="C9896F42-CBA3-95DC-8108-0CDB771DA217">
<hideElementsInCurrentOnly>false</hideElementsInCurrentOnly>
<bounds x="412" y="14" width="280" height="175"/>
</OView>
</objectViews>
<connectors>
<Connector class="oracle.dbtools.crest.swingui.relational.TVFKRelation" oid="1F5AF3C1-5FF6-90D8-2E4C-B39A807D24C2" otype="FKIndexAssociation" vid_source="C9896F42-CBA3-95DC-8108-0CDB771DA217" vid_target="4AAE5D90-AA19-2708-1F91-045418B85DD0">
<hideElementsInCurrentOnly>false</hideElementsInCurrentOnly>
<backgroundColor>-16777216</backgroundColor>
<lineWidth>1</lineWidth>
<points>
<point x="412" y="96"/>
<point x="237" y="96"/>
</points>
</Connector>
<Connector class="oracle.dbtools.crest.swingui.relational.TVFKRelation" oid="A5A64C79-CB41-4D3D-A20F-806C970089C8" otype="FKIndexAssociation" vid_source="4AAE5D90-AA19-2708-1F91-045418B85DD0" vid_target="60538AAA-CB71-45A8-2373-F7669D104119">
<hideElementsInCurrentOnly>false</hideElementsInCurrentOnly>
<backgroundColor>-16777216</backgroundColor>
<lineWidth>1</lineWidth>
<points>
<point x="127" y="174"/>
<point x="127" y="212"/>
</points>
</Connector>
<Connector class="oracle.dbtools.crest.swingui.relational.TVFKRelation" oid="B8937D17-AC09-7832-01B1-FFB45A495C83" otype="FKIndexAssociation" vid_source="3B2FDE59-74B8-F35E-C42E-D23540390444" vid_target="C9896F42-CBA3-95DC-8108-0CDB771DA217">
<hideElementsInCurrentOnly>false</hideElementsInCurrentOnly>
<backgroundColor>-16777216</backgroundColor>
<lineWidth>1</lineWidth>
<points>
<point x="530" y="313"/>
<point x="530" y="189"/>
</points>
</Connector>
<Connector class="oracle.dbtools.crest.swingui.relational.TVFKRelation" oid="CA72B86C-8703-0BF3-C249-F373FE557B01" otype="FKIndexAssociation" vid_source="EC8A55A6-99C6-9C68-FBC9-BC7C75A20427" vid_target="60538AAA-CB71-45A8-2373-F7669D104119">
<hideElementsInCurrentOnly>false</hideElementsInCurrentOnly>
<backgroundColor>-16777216</backgroundColor>
<lineWidth>1</lineWidth>
<points>
<point x="135" y="398"/>
<point x="135" y="370"/>
</points>
</Connector>
</connectors>
</Diagram>