<?xml version = '1.0' encoding = 'UTF-8'?>
<Diagram class="oracle.dbtools.crest.swingui.logical.DPVLogical" name="Logical" id="9D330D0A-D466-BC88-67C6-28BCAD5E5334">
<createdBy>shhon</createdBy>
<modifiedBy>shhon</modifiedBy>
<createdTime>2024-09-04 04:40:25 UTC</createdTime>
<autoRoute>false</autoRoute>
<boxInbox>true</boxInbox>
<showLegend>false</showLegend>
<showLabels>false</showLabels>
<showRelAttributes>false</showRelAttributes>
<gridEnabled>false</gridEnabled>
<showGrid>false</showGrid>
<diagramColor>-1</diagramColor>
<display>false</display>
<notation>2</notation>
<objectViews>
<OView class="oracle.dbtools.crest.swingui.logical.TVEntity" oid="04798ECC-AFBA-55B3-19E5-5147573DDF7E" otype="Entity" vid="14598239-7939-89AA-2117-C0378FAABFD5">
<hideElementsInCurrentOnly>false</hideElementsInCurrentOnly>
<bounds x="1" y="140" width="175" height="103"/>
</OView>
<OView class="oracle.dbtools.crest.swingui.logical.TVEntityView" oid="1B38A03E-983C-5271-90EA-2121B8D0F529" otype="EntityView" vid="8D89D7FC-62CF-21DF-531A-8B6EA267CF5B">
<hideElementsInCurrentOnly>false</hideElementsInCurrentOnly>
<bounds x="178" y="454" width="170" height="110"/>
</OView>
<OView class="oracle.dbtools.crest.swingui.logical.TVEntity" oid="236EE77B-5765-E6F0-471A-9EDB67BC69ED" otype="Entity" vid="28D30D49-BCFC-615F-F531-EFA845726795">
<hideElementsInCurrentOnly>false</hideElementsInCurrentOnly>
<bounds x="252" y="274" width="228" height="146"/>
</OView>
<OView class="oracle.dbtools.crest.swingui.logical.TVEntity" oid="40E163B1-705C-43A5-5203-051A16CB4C19" otype="Entity" vid="856075E4-9A86-F8C4-0A0F-B44642FC453D">
<hideElementsInCurrentOnly>false</hideElementsInCurrentOnly>
<bounds x="628" y="16" width="187" height="183"/>
<useDefaultColor>false</useDefaultColor>
<backgroundColor>-13057</backgroundColor>
<foregroundColor>-16776961</foregroundColor>
</OView>
<OView class="oracle.dbtools.crest.swingui.logical.TVEntity" oid="638A60B7-B20C-309B-4EF7-65C4049253B5" otype="Entity" vid="3C14B767-2C23-0CAD-61D1-56757726E377">
<hideElementsInCurrentOnly>false</hideElementsInCurrentOnly>
<bounds x="18" y="304" width="188" height="107"/>
</OView>
<OView class="oracle.dbtools.crest.swingui.logical.TVEntity" oid="88356533-5734-8223-04E9-2250A396A37F" otype="Entity" vid="F72E8C87-E77C-A609-9C82-65C138B1AE38">
<hideElementsInCurrentOnly>false</hideElementsInCurrentOnly>
<bounds x="440" y="29" width="139" height="118"/>
</OView>
<OView class="oracle.dbtools.crest.swingui.logical.TVEntity" oid="98EAE47D-E74B-B7AE-AF4E-84B58A5FC1C9" otype="Entity" vid="F7D2FAFE-2002-BD22-7618-00CFAA1772B5">
<hideElementsInCurrentOnly>false</hideElementsInCurrentOnly>
<bounds x="483" y="473" width="191" height="121"/>
</OView>
<OView class="oracle.dbtools.crest.swingui.logical.TVEntity" oid="9F18CF86-39D7-B157-A5F7-C9E8B200BCF0" otype="Entity" vid="E5D312D7-A351-4CF0-4638-40AEC20F263D">
<hideElementsInCurrentOnly>false</hideElementsInCurrentOnly>
<bounds x="236" y="9" width="173" height="176"/>
</OView>
<OView class="oracle.dbtools.crest.swingui.logical.TVEntity" oid="D595EB7D-3010-A0F8-B655-BDEA2740EE65" otype="Entity" vid="DFCBAD18-1036-6040-7DA4-87BC0BA329DC">
<hideElementsInCurrentOnly>false</hideElementsInCurrentOnly>
<bounds x="597" y="292" width="171" height="110"/>
</OView>
<OView class="oracle.dbtools.crest.swingui.logical.TVEntity" oid="E485CB80-06D8-10B7-8CA9-7105179AD165" otype="Entity" vid="CD0133F9-5E38-BD16-267B-501624663573">
<hideElementsInCurrentOnly>false</hideElementsInCurrentOnly>
<bounds x="4" y="10" width="174" height="93"/>
</OView>
</objectViews>
<connectors>
<Connector class="oracle.dbtools.crest.swingui.logical.TVRelation" oid="032A531D-5D85-7D0D-93DD-341CEB1561D4" otype="Relation" vid_source="F72E8C87-E77C-A609-9C82-65C138B1AE38" vid_target="DFCBAD18-1036-6040-7DA4-87BC0BA329DC">
<hideElementsInCurrentOnly>false</hideElementsInCurrentOnly>
<backgroundColor>-16777216</backgroundColor>
<lineWidth>1</lineWidth>
<points>
<point x="548" y="147"/>
<point x="645" y="292"/>
</points>
</Connector>
<Connector class="oracle.dbtools.crest.swingui.logical.TVRelation" oid="1CC2F0DD-7EC2-3C52-A1FE-733100DD59C2" otype="Relation" vid_source="E5D312D7-A351-4CF0-4638-40AEC20F263D" vid_target="E5D312D7-A351-4CF0-4638-40AEC20F263D">
<hideElementsInCurrentOnly>false</hideElementsInCurrentOnly>
<backgroundColor>-16777216</backgroundColor>
<lineWidth>1</lineWidth>
<points>
<point x="236" y="23"/>
<point x="200" y="23"/>
<point x="201" y="55"/>
<point x="236" y="55"/>
</points>
</Connector>
<Connector class="oracle.dbtools.crest.swingui.logical.TVRelation" oid="3986AA21-C709-B511-33F8-057478F69BA5" otype="Relation" vid_source="E5D312D7-A351-4CF0-4638-40AEC20F263D" vid_target="14598239-7939-89AA-2117-C0378FAABFD5">
<hideElementsInCurrentOnly>false</hideElementsInCurrentOnly>
<backgroundColor>-16777216</backgroundColor>
<lineWidth>1</lineWidth>
<points>
<point x="236" y="162"/>
<point x="176" y="162"/>
</points>
</Connector>
<Connector class="oracle.dbtools.crest.swingui.logical.TVRelation" oid="58029BBB-1A4E-3FB4-C42D-98529A2ACBA2" otype="Relation" vid_source="F72E8C87-E77C-A609-9C82-65C138B1AE38" vid_target="28D30D49-BCFC-615F-F531-EFA845726795">
<hideElementsInCurrentOnly>false</hideElementsInCurrentOnly>
<backgroundColor>-16777216</backgroundColor>
<lineWidth>1</lineWidth>
<points>
<point x="460" y="147"/>
<point x="460" y="274"/>
</points>
</Connector>
<Connector class="oracle.dbtools.crest.swingui.logical.TVRelation" oid="8CCA6D26-72B1-66C5-DD5F-EF3B7316AA4C" otype="Relation" vid_source="E5D312D7-A351-4CF0-4638-40AEC20F263D" vid_target="28D30D49-BCFC-615F-F531-EFA845726795">
<hideElementsInCurrentOnly>false</hideElementsInCurrentOnly>
<backgroundColor>-16777216</backgroundColor>
<lineWidth>1</lineWidth>
<points>
<point x="330" y="185"/>
<point x="330" y="274"/>
</points>
</Connector>
<Connector class="oracle.dbtools.crest.swingui.logical.TVRelation" oid="906CC68D-2D90-3AFD-FF42-856AA00AD0B7" otype="Relation" vid_source="F72E8C87-E77C-A609-9C82-65C138B1AE38" vid_target="856075E4-9A86-F8C4-0A0F-B44642FC453D">
<hideElementsInCurrentOnly>false</hideElementsInCurrentOnly>
<backgroundColor>-16777216</backgroundColor>
<lineWidth>1</lineWidth>
<points>
<point x="579" y="104"/>
<point x="609" y="104"/>
<point x="628" y="104"/>
</points>
</Connector>
<Connector class="oracle.dbtools.crest.swingui.logical.TVRelation" oid="AB8CCEC9-37A5-A9CC-2A05-D6E8F71EC7D3" otype="Relation" vid_source="3C14B767-2C23-0CAD-61D1-56757726E377" vid_target="28D30D49-BCFC-615F-F531-EFA845726795">
<hideElementsInCurrentOnly>false</hideElementsInCurrentOnly>
<backgroundColor>-16777216</backgroundColor>
<lineWidth>1</lineWidth>
<points>
<point x="206" y="357"/>
<point x="252" y="357"/>
</points>
</Connector>
<Connector class="oracle.dbtools.crest.swingui.logical.TVRelation" oid="BA88CC4F-E690-8FFB-9CCC-9BDDF1B49026" otype="Relation" vid_source="E5D312D7-A351-4CF0-4638-40AEC20F263D" vid_target="3C14B767-2C23-0CAD-61D1-56757726E377">
<hideElementsInCurrentOnly>false</hideElementsInCurrentOnly>
<backgroundColor>-16777216</backgroundColor>
<lineWidth>1</lineWidth>
<points>
<point x="251" y="185"/>
<point x="155" y="304"/>
</points>
</Connector>
<Connector class="oracle.dbtools.crest.swingui.logical.TVRelation" oid="DCFE6ADB-0D2D-FD7B-24F2-7E44F427D16F" otype="Relation" vid_source="E5D312D7-A351-4CF0-4638-40AEC20F263D" vid_target="CD0133F9-5E38-BD16-267B-501624663573">
<hideElementsInCurrentOnly>false</hideElementsInCurrentOnly>
<backgroundColor>-16777216</backgroundColor>
<lineWidth>1</lineWidth>
<points>
<point x="236" y="82"/>
<point x="193" y="82"/>
<point x="178" y="82"/>
</points>
</Connector>
<Connector class="oracle.dbtools.crest.swingui.logical.TVRelation" oid="DD255A34-7B20-5428-C6F3-10A7693F235C" otype="Relation" vid_source="F72E8C87-E77C-A609-9C82-65C138B1AE38" vid_target="E5D312D7-A351-4CF0-4638-40AEC20F263D">
<hideElementsInCurrentOnly>false</hideElementsInCurrentOnly>
<backgroundColor>-16777216</backgroundColor>
<lineWidth>1</lineWidth>
<points>
<point x="440" y="88"/>
<point x="409" y="88"/>
</points>
</Connector>
<Connector class="oracle.dbtools.crest.swingui.logical.TVRelation" oid="E02DD558-59CF-C066-FEE5-7946EA286DF3" otype="Relation" vid_source="F72E8C87-E77C-A609-9C82-65C138B1AE38" vid_target="F7D2FAFE-2002-BD22-7618-00CFAA1772B5">
<hideElementsInCurrentOnly>false</hideElementsInCurrentOnly>
<backgroundColor>-16777216</backgroundColor>
<lineWidth>1</lineWidth>
<points>
<point x="531" y="147"/>
<point x="531" y="473"/>
</points>
</Connector>
</connectors>
</Diagram>