<?xml version = '1.0' encoding = 'UTF-8'?>
<Table class="oracle.dbtools.crest.model.design.relational.Table" directorySegmentName="seg_0" id="135ED7E0-A1B4-7D2A-7476-8FEB8DCDABFD" name="MovieExec">
<createdBy>shhong</createdBy>
<createdTime>2024-10-01 12:44:45 UTC</createdTime>
<generatorID>1D11FDDF-B2BB-3182-CA9B-723EB4CEBB69</generatorID>
<ownerDesignName>MovieDB</ownerDesignName>
<allowColumnReorder>false</allowColumnReorder>
<existDependencyGenerateInDDl>true</existDependencyGenerateInDDl>
<parsed>true</parsed>
<columns itemClass="oracle.dbtools.crest.model.design.relational.Column">
<Column name="name" id="7CE6D575-36DA-7DA4-5D78-2E13A5DBC0DD">
<createdBy>shhong</createdBy>
<createdTime>2024-10-01 12:44:45 UTC</createdTime>
<generatorID>E261D8DE-1803-18F7-9326-985999896EC2</generatorID>
<ownerDesignName>MovieDB</ownerDesignName>
<nullsAllowed>true</nullsAllowed>
<use>0</use>
<logicalDatatype>LOGDT024</logicalDatatype>
<domain>C90E781C-C6C3-18F9-48FD-1E48C7A73E2E</domain>
<ownDataTypeParameters>,,</ownDataTypeParameters>
<autoIncrementCycle>false</autoIncrementCycle>
</Column>
<Column name="certno" id="49CE6C12-F6C6-EAA5-D5AB-AD77EF399EBB">
<createdBy>shhong</createdBy>
<createdTime>2024-10-01 12:44:45 UTC</createdTime>
<generatorID>879A5F76-98C5-B4DA-9414-7C452ED12FE5</generatorID>
<ownerDesignName>MovieDB</ownerDesignName>
<use>0</use>
<logicalDatatype>LOGDT019</logicalDatatype>
<domain>B785B301-F957-EEA4-8413-D12A92E0EA0F</domain>
<ownDataTypeParameters>,,</ownDataTypeParameters>
<autoIncrementCycle>false</autoIncrementCycle>
</Column>
<Column name="address" id="ADEFE78C-5989-9002-8560-182D932E3E05">
<createdBy>shhong</createdBy>
<createdTime>2024-10-01 12:44:45 UTC</createdTime>
<generatorID>4D7FE411-C109-AC7D-08B9-37C7302CBEA1</generatorID>
<ownerDesignName>MovieDB</ownerDesignName>
<nullsAllowed>true</nullsAllowed>
<use>0</use>
<logicalDatatype>LOGDT024</logicalDatatype>
<domain>3FD9789E-FCAC-1897-CD81-0FFCD28165B1</domain>
<ownDataTypeParameters>,,</ownDataTypeParameters>
<autoIncrementCycle>false</autoIncrementCycle>
</Column>
<Column name="networth" id="6AD79CC1-B7E3-4A94-6EB8-C21B083FB94C">
<createdBy>shhong</createdBy>
<createdTime>2024-10-01 12:44:45 UTC</createdTime>
<generatorID>08BE4EEE-4021-A925-B8C0-BBC671825553</generatorID>
<ownerDesignName>MovieDB</ownerDesignName>
<nullsAllowed>true</nullsAllowed>
<use>0</use>
<logicalDatatype>LOGDT019</logicalDatatype>
<domain>2E6BE97D-1EF9-B886-E694-F40472F1397D</domain>
<ownDataTypeParameters>,,</ownDataTypeParameters>
<autoIncrementCycle>false</autoIncrementCycle>
<listOfRanges>
<rangeDef class="oracle.dbtools.crest.model.design.constraint.AVT">
<beginValue>10000</beginValue>
</rangeDef>
</listOfRanges>
</Column>
</columns>
<indexes itemClass="oracle.dbtools.crest.model.design.relational.Index">
<ind_PK_UK id="8AD182CE-88E2-72A7-582F-4D5D440315B0" name="MovieExec_PK">
<createdBy>shhong</createdBy>
<createdTime>2024-10-01 12:44:45 UTC</createdTime>
<generatorID>2275C31D-3124-DDDD-99B0-626E0ADA1B9B</generatorID>
<ownerDesignName>MovieDB</ownerDesignName>
<pk>true</pk>
<indexState>Primary Constraint</indexState>
<isSurrogateKey>false</isSurrogateKey>
<indexColumnUsage>
<colUsage columnID="49CE6C12-F6C6-EAA5-D5AB-AD77EF399EBB"/>
</indexColumnUsage>
</ind_PK_UK>
<ind_PK_UK id="9C9FB7D4-E494-C45E-3F67-C26D6DE49815" name="movieexec_name">
<createdBy>shhong</createdBy>
<createdTime>2024-10-01 12:44:45 UTC</createdTime>
<generatorID>9863B506-672B-0FFD-173D-F583E94B4123</generatorID>
<ownerDesignName>MovieDB</ownerDesignName>
<indexState>Unique Constraint</indexState>
<isSurrogateKey>false</isSurrogateKey>
<indexColumnUsage>
<colUsage columnID="7CE6D575-36DA-7DA4-5D78-2E13A5DBC0DD"/>
</indexColumnUsage>
</ind_PK_UK>
</indexes>
</Table>