<?xml version = '1.0' encoding = 'UTF-8'?>
<Table class="oracle.dbtools.crest.model.design.relational.Table" directorySegmentName="seg_0" id="16059613-9EDF-CAA9-CD91-570CBEC1A3FD" name="Studio">
<createdBy>shhong</createdBy>
<createdTime>2024-10-01 12:44:45 UTC</createdTime>
<generatorID>1CD09819-6FBE-D5E9-A51B-7DB8A24A0284</generatorID>
<ownerDesignName>MovieDB</ownerDesignName>
<allowColumnReorder>false</allowColumnReorder>
<existDependencyGenerateInDDl>true</existDependencyGenerateInDDl>
<parsed>true</parsed>
<columns itemClass="oracle.dbtools.crest.model.design.relational.Column">
<Column name="name" id="380D365F-1EF6-FE9A-E240-B10F1A69BF34">
<createdBy>shhong</createdBy>
<createdTime>2024-10-01 12:44:45 UTC</createdTime>
<generatorID>EA735DFA-062F-EBA5-BAD9-AB3211D64603</generatorID>
<ownerDesignName>MovieDB</ownerDesignName>
<use>0</use>
<logicalDatatype>LOGDT024</logicalDatatype>
<domain>C90E781C-C6C3-18F9-48FD-1E48C7A73E2E</domain>
<ownDataTypeParameters>,,</ownDataTypeParameters>
<autoIncrementCycle>false</autoIncrementCycle>
</Column>
<Column name="address" id="0D6E213D-24C6-44C5-E2A0-58B7A9E97C0C">
<createdBy>shhong</createdBy>
<createdTime>2024-10-01 12:44:45 UTC</createdTime>
<generatorID>08749530-F6C4-7889-5EBA-4320584AE16C</generatorID>
<ownerDesignName>MovieDB</ownerDesignName>
<nullsAllowed>true</nullsAllowed>
<use>0</use>
<logicalDatatype>LOGDT024</logicalDatatype>
<domain>3FD9789E-FCAC-1897-CD81-0FFCD28165B1</domain>
<ownDataTypeParameters>,,</ownDataTypeParameters>
<autoIncrementCycle>false</autoIncrementCycle>
</Column>
<Column name="presNo" id="E8C71FE1-B403-E0EA-AA44-C936E35780D9">
<createdBy>shhong</createdBy>
<createdTime>2024-10-01 12:44:45 UTC</createdTime>
<generatorID>1FA75573-EB46-C6F5-4C47-D45708600318</generatorID>
<ownerDesignName>MovieDB</ownerDesignName>
<use>0</use>
<logicalDatatype>LOGDT019</logicalDatatype>
<domain>B785B301-F957-EEA4-8413-D12A92E0EA0F</domain>
<ownDataTypeParameters>,,</ownDataTypeParameters>
<previousColumn>false</previousColumn>
<autoIncrementCycle>false</autoIncrementCycle>
<associations>
<colAssociation fkAssociation="B0EBD037-3768-E809-5CF6-3C4E3DEAE528" referredColumn="49CE6C12-F6C6-EAA5-D5AB-AD77EF399EBB"/>
</associations>
</Column>
</columns>
<indexes itemClass="oracle.dbtools.crest.model.design.relational.Index">
<ind_PK_UK id="B4B9A926-BA94-0B7E-8848-30EEBAEC56BD" name="Studio_PK">
<createdBy>shhong</createdBy>
<createdTime>2024-10-01 12:44:45 UTC</createdTime>
<generatorID>D0E226A9-F37A-91EA-C260-D2D8C17000B2</generatorID>
<ownerDesignName>MovieDB</ownerDesignName>
<pk>true</pk>
<indexState>Primary Constraint</indexState>
<isSurrogateKey>false</isSurrogateKey>
<indexColumnUsage>
<colUsage columnID="380D365F-1EF6-FE9A-E240-B10F1A69BF34"/>
</indexColumnUsage>
</ind_PK_UK>
<ind_PK_UK id="9B58E681-6BD9-231F-51DB-B95155B5F208" name="President">
<createdBy>shhong</createdBy>
<createdTime>2024-10-01 12:44:45 UTC</createdTime>
<generatorID>3399C794-5D19-07EF-F73C-584823D27AB9</generatorID>
<ownerDesignName>MovieDB</ownerDesignName>
<indexState>Foreign Key</indexState>
<isSurrogateKey>false</isSurrogateKey>
<indexColumnUsage>
<colUsage columnID="E8C71FE1-B403-E0EA-AA44-C936E35780D9"/>
</indexColumnUsage>
</ind_PK_UK>
</indexes>
</Table>