<?xml version = '1.0' encoding = 'UTF-8'?>
<Table class="oracle.dbtools.crest.model.design.relational.Table" directorySegmentName="seg_0" id="4C203627-706F-6498-CAD7-C659CD508F20" name="Movie">
<createdBy>shhong</createdBy>
<createdTime>2024-10-01 12:44:45 UTC</createdTime>
<generatorID>F0439D93-DCF7-891A-AA18-8F37F276D018</generatorID>
<ownerDesignName>MovieDB</ownerDesignName>
<allowColumnReorder>false</allowColumnReorder>
<existDependencyGenerateInDDl>true</existDependencyGenerateInDDl>
<parsed>true</parsed>
<columns itemClass="oracle.dbtools.crest.model.design.relational.Column">
<Column name="title" id="4554D046-DEF9-861D-08E6-5EC7702B4404">
<createdBy>shhong</createdBy>
<createdTime>2024-10-01 12:44:45 UTC</createdTime>
<generatorID>E6B9DF28-87F5-B333-B0F8-ED959E926504</generatorID>
<ownerDesignName>MovieDB</ownerDesignName>
<use>0</use>
<logicalDatatype>LOGDT024</logicalDatatype>
<domain>E7ECC455-A9A7-B4CA-3BA7-2F30F8C402F2</domain>
<ownDataTypeParameters>,,</ownDataTypeParameters>
<autoIncrementCycle>false</autoIncrementCycle>
</Column>
<Column name="year" id="4111AF41-F67C-F6D6-B7FB-A9DDEF65BBD0">
<createdBy>shhong</createdBy>
<createdTime>2024-10-01 12:44:45 UTC</createdTime>
<generatorID>7591AD34-005D-E204-2D84-ED91A052E580</generatorID>
<ownerDesignName>MovieDB</ownerDesignName>
<use>0</use>
<logicalDatatype>LOGDT019</logicalDatatype>
<domain>4A6C2BF1-6EAC-7A6A-0942-90F72BAD5895</domain>
<ownDataTypeParameters>,,</ownDataTypeParameters>
<autoIncrementCycle>false</autoIncrementCycle>
<listOfRanges>
<rangeDef class="oracle.dbtools.crest.model.design.constraint.AVT">
<beginValue>1900</beginValue>
<endValue>2023</endValue>
</rangeDef>
</listOfRanges>
</Column>
<Column name="length" id="2373B67B-4EBB-67F0-0945-0A95926D2783">
<createdBy>shhong</createdBy>
<createdTime>2024-10-01 12:44:45 UTC</createdTime>
<generatorID>7E1D9C74-F929-BC98-99FB-C552DFE0A16C</generatorID>
<ownerDesignName>MovieDB</ownerDesignName>
<nullsAllowed>true</nullsAllowed>
<use>0</use>
<logicalDatatype>LOGDT019</logicalDatatype>
<domain>3CF0AB81-10EA-703B-B10D-B10EFED895FE</domain>
<ownDataTypeParameters>,,</ownDataTypeParameters>
<autoIncrementCycle>false</autoIncrementCycle>
<listOfRanges>
<rangeDef class="oracle.dbtools.crest.model.design.constraint.AVT">
<beginValue>50</beginValue>
<endValue>300</endValue>
</rangeDef>
</listOfRanges>
</Column>
<Column name="inColor" id="69C776D7-6109-2B80-3A68-EBE84890CD6B">
<createdBy>shhong</createdBy>
<createdTime>2024-10-01 12:44:45 UTC</createdTime>
<generatorID>20BC0E9E-91FA-B779-43D1-388487EFB374</generatorID>
<ownerDesignName>MovieDB</ownerDesignName>
<nullsAllowed>true</nullsAllowed>
<use>0</use>
<logicalDatatype>LOGDT025</logicalDatatype>
<domain>8CDD0428-DFA5-B2FE-0056-D240D1CE0989</domain>
<ownDataTypeParameters>,,</ownDataTypeParameters>
<autoIncrementCycle>false</autoIncrementCycle>
</Column>
<Column name="studioName" id="6758D144-B9FC-8C69-CA11-F4AD4E0E8DD7">
<createdBy>shhong</createdBy>
<createdTime>2024-10-01 12:44:45 UTC</createdTime>
<generatorID>C692F897-5EE7-1D1D-4D23-2898EDF3F5F3</generatorID>
<ownerDesignName>MovieDB</ownerDesignName>
<use>0</use>
<logicalDatatype>LOGDT024</logicalDatatype>
<domain>C90E781C-C6C3-18F9-48FD-1E48C7A73E2E</domain>
<ownDataTypeParameters>,,</ownDataTypeParameters>
<previousColumn>false</previousColumn>
<autoIncrementCycle>false</autoIncrementCycle>
<associations>
<colAssociation fkAssociation="9D2D1574-B792-119E-CEFF-8E68C3C319CA" referredColumn="380D365F-1EF6-FE9A-E240-B10F1A69BF34"/>
</associations>
</Column>
</columns>
<indexes itemClass="oracle.dbtools.crest.model.design.relational.Index">
<ind_PK_UK id="A3CD7257-2D1F-E2F5-6F5E-D91B8C82CF2A" name="Movie_PK">
<createdBy>shhong</createdBy>
<createdTime>2024-10-01 12:44:45 UTC</createdTime>
<generatorID>68B7EFFD-7CC9-8F29-595C-33C2AF72B547</generatorID>
<ownerDesignName>MovieDB</ownerDesignName>
<pk>true</pk>
<indexState>Primary Constraint</indexState>
<isSurrogateKey>false</isSurrogateKey>
<indexColumnUsage>
<colUsage columnID="4554D046-DEF9-861D-08E6-5EC7702B4404"/>
<colUsage columnID="4111AF41-F67C-F6D6-B7FB-A9DDEF65BBD0"/>
</indexColumnUsage>
</ind_PK_UK>
<ind_PK_UK id="49D9E2F2-B9B6-CC5E-8A78-BA871F9C6072" name="Owns">
<createdBy>shhong</createdBy>
<createdTime>2024-10-01 12:44:45 UTC</createdTime>
<generatorID>045ABAD9-1BE7-0DE9-6C4B-78390BD48092</generatorID>
<ownerDesignName>MovieDB</ownerDesignName>
<indexState>Foreign Key</indexState>
<isSurrogateKey>false</isSurrogateKey>
<indexColumnUsage>
<colUsage columnID="6758D144-B9FC-8C69-CA11-F4AD4E0E8DD7"/>
</indexColumnUsage>
</ind_PK_UK>
</indexes>
</Table>