<?xml version = '1.0' encoding = 'UTF-8'?>
<Table class="oracle.dbtools.crest.model.design.relational.Table" directorySegmentName="seg_0" id="CC19230B-A15D-B530-98CB-F46FD6C1D7EE" name="StarsIn">
<createdBy>shhong</createdBy>
<createdTime>2024-10-01 12:44:45 UTC</createdTime>
<ownerDesignName>MovieDB</ownerDesignName>
<allowColumnReorder>false</allowColumnReorder>
<existDependencyGenerateInDDl>true</existDependencyGenerateInDDl>
<parsed>true</parsed>
<columns itemClass="oracle.dbtools.crest.model.design.relational.Column">
<Column name="Movietitle" id="22A208D3-C60F-8031-1D28-ED33F6639303">
<createdBy>shhong</createdBy>
<createdTime>2024-10-01 12:44:45 UTC</createdTime>
<ownerDesignName>MovieDB</ownerDesignName>
<use>0</use>
<logicalDatatype>LOGDT024</logicalDatatype>
<domain>E7ECC455-A9A7-B4CA-3BA7-2F30F8C402F2</domain>
<ownDataTypeParameters>,,</ownDataTypeParameters>
<previousColumn>false</previousColumn>
<autoIncrementCycle>false</autoIncrementCycle>
<associations>
<colAssociation fkAssociation="0B57A3EB-B561-E8A9-0ECC-156C16F2C7CD" referredColumn="4554D046-DEF9-861D-08E6-5EC7702B4404"/>
</associations>
</Column>
<Column name="Movieyear" id="EAF442DF-331E-F323-C112-435BC6953407">
<createdBy>shhong</createdBy>
<createdTime>2024-10-01 12:44:45 UTC</createdTime>
<ownerDesignName>MovieDB</ownerDesignName>
<use>0</use>
<logicalDatatype>LOGDT019</logicalDatatype>
<domain>4A6C2BF1-6EAC-7A6A-0942-90F72BAD5895</domain>
<ownDataTypeParameters>,,</ownDataTypeParameters>
<previousColumn>false</previousColumn>
<autoIncrementCycle>false</autoIncrementCycle>
<listOfRanges>
<rangeDef class="oracle.dbtools.crest.model.design.constraint.AVT">
<beginValue>1900</beginValue>
<endValue>2023</endValue>
</rangeDef>
</listOfRanges>
<associations>
<colAssociation fkAssociation="0B57A3EB-B561-E8A9-0ECC-156C16F2C7CD" referredColumn="4111AF41-F67C-F6D6-B7FB-A9DDEF65BBD0"/>
</associations>
</Column>
<Column name="Starname" id="7D6A6491-B805-AF90-9BC0-AF59ECEE7BFE">
<createdBy>shhong</createdBy>
<createdTime>2024-10-01 12:44:45 UTC</createdTime>
<ownerDesignName>MovieDB</ownerDesignName>
<use>0</use>
<logicalDatatype>LOGDT024</logicalDatatype>
<domain>C90E781C-C6C3-18F9-48FD-1E48C7A73E2E</domain>
<ownDataTypeParameters>,,</ownDataTypeParameters>
<previousColumn>false</previousColumn>
<autoIncrementCycle>false</autoIncrementCycle>
<associations>
<colAssociation fkAssociation="0DB66B0D-F6B5-9F95-819A-9BBC59A4327D" referredColumn="2B13C27E-3BDD-2C2F-F242-E8C27AE05408"/>
</associations>
</Column>
</columns>
<indexes itemClass="oracle.dbtools.crest.model.design.relational.Index">
<ind_PK_UK id="3CE0AAEB-0893-995D-82E3-C8F4351E4755" name="StarsIn_PK">
<createdBy>shhong</createdBy>
<createdTime>2024-10-01 12:44:45 UTC</createdTime>
<ownerDesignName>MovieDB</ownerDesignName>
<pk>true</pk>
<indexState>Primary Constraint</indexState>
<isSurrogateKey>false</isSurrogateKey>
<indexColumnUsage>
<colUsage columnID="22A208D3-C60F-8031-1D28-ED33F6639303"/>
<colUsage columnID="EAF442DF-331E-F323-C112-435BC6953407"/>
<colUsage columnID="7D6A6491-B805-AF90-9BC0-AF59ECEE7BFE"/>
</indexColumnUsage>
</ind_PK_UK>
<ind_PK_UK id="3F580D9A-C7F9-01C9-FFDF-5DAB61D49006" name="StarsIn_Movie_FK">
<createdBy>shhong</createdBy>
<createdTime>2024-10-01 12:44:45 UTC</createdTime>
<generatorID>CE30CF12-74B7-6E39-5C36-A98D7FCBFC32</generatorID>
<ownerDesignName>MovieDB</ownerDesignName>
<indexState>Foreign Key</indexState>
<isSurrogateKey>false</isSurrogateKey>
<indexColumnUsage>
<colUsage columnID="22A208D3-C60F-8031-1D28-ED33F6639303"/>
<colUsage columnID="EAF442DF-331E-F323-C112-435BC6953407"/>
</indexColumnUsage>
</ind_PK_UK>
<ind_PK_UK id="F0DC5DFD-9FCA-7965-50F3-0A11AEB03544" name="StarsIn_MovieStar_FK">
<createdBy>shhong</createdBy>
<createdTime>2024-10-01 12:44:45 UTC</createdTime>
<generatorID>CE30CF12-74B7-6E39-5C36-A98D7FCBFC32</generatorID>
<ownerDesignName>MovieDB</ownerDesignName>
<indexState>Foreign Key</indexState>
<isSurrogateKey>false</isSurrogateKey>
<indexColumnUsage>
<colUsage columnID="7D6A6491-B805-AF90-9BC0-AF59ECEE7BFE"/>
</indexColumnUsage>
</ind_PK_UK>
</indexes>
</Table>