<?xml version = '1.0' encoding = 'UTF-8'?>
<Table class="oracle.dbtools.crest.model.design.relational.Table" directorySegmentName="seg_0" id="0EF979B9-68E7-F804-E0C6-EBBDB023344F" name="MurderMystery">
<createdBy>626-16</createdBy>
<createdTime>2024-09-25 05:52:50 UTC</createdTime>
<generatorID>04798ECC-AFBA-55B3-19E5-5147573DDF7E</generatorID>
<ownerDesignName>MovieDB_Class</ownerDesignName>
<allowColumnReorder>false</allowColumnReorder>
<existDependencyGenerateInDDl>true</existDependencyGenerateInDDl>
<parsed>true</parsed>
<columns itemClass="oracle.dbtools.crest.model.design.relational.Column">
<Column name="title" id="3A9AD061-C005-AC57-2E88-33667FE46023">
<createdBy>626-16</createdBy>
<createdTime>2024-09-25 05:52:50 UTC</createdTime>
<generatorID>6D6BC446-67DF-A03E-2E3A-DA0B4380A402</generatorID>
<ownerDesignName>MovieDB_Class</ownerDesignName>
<use>0</use>
<logicalDatatype>LOGDT024</logicalDatatype>
<domain>98C19AC1-764F-2D3E-D17F-1F95D35C8621</domain>
<ownDataTypeParameters>,,</ownDataTypeParameters>
<previousColumn>false</previousColumn>
<autoIncrementCycle>false</autoIncrementCycle>
<associations>
<colAssociation fkAssociation="3739671B-2BF5-F3E7-54C5-81020A6D9E32" referredColumn="6F5BE546-55C0-4AE2-0054-9AEAAAB275AE"/>
</associations>
</Column>
<Column name="year" id="9F6B478F-0329-5471-FFA1-FC4AD932B490">
<createdBy>626-16</createdBy>
<createdTime>2024-09-25 05:52:50 UTC</createdTime>
<generatorID>64F04E61-08EA-EC26-1570-051DE8D8001C</generatorID>
<ownerDesignName>MovieDB_Class</ownerDesignName>
<use>0</use>
<logicalDatatype>LOGDT019</logicalDatatype>
<domain>02DA88D4-047B-A84A-4A09-09D993E63408</domain>
<ownDataTypeParameters>,,</ownDataTypeParameters>
<previousColumn>false</previousColumn>
<autoIncrementCycle>false</autoIncrementCycle>
<listOfRanges>
<rangeDef class="oracle.dbtools.crest.model.design.constraint.AVT">
<beginValue>1920</beginValue>
<endValue>2024</endValue>
</rangeDef>
</listOfRanges>
<associations>
<colAssociation fkAssociation="3739671B-2BF5-F3E7-54C5-81020A6D9E32" referredColumn="D4EC3201-9436-3620-5B85-4121F80506E0"/>
</associations>
</Column>
<Column name="weapon" id="D7051C2A-E3DC-43F5-366A-CDEB933CF968">
<createdBy>626-16</createdBy>
<createdTime>2024-09-25 05:52:50 UTC</createdTime>
<generatorID>1E17A0C4-6281-29CE-3A37-E1C20E16798C</generatorID>
<ownerDesignName>MovieDB_Class</ownerDesignName>
<nullsAllowed>true</nullsAllowed>
<use>0</use>
<logicalDatatype>LOGDT024</logicalDatatype>
<domain>BB610733-694B-135E-BA79-9E21F81F4819</domain>
<ownDataTypeParameters>,,</ownDataTypeParameters>
<autoIncrementCycle>false</autoIncrementCycle>
</Column>
</columns>
<indexes itemClass="oracle.dbtools.crest.model.design.relational.Index">
<ind_PK_UK id="7D1C9042-3E23-D4FD-A498-5C7F8181C1CD" name="MurderMystery_PK">
<createdBy>626-16</createdBy>
<createdTime>2024-09-25 05:52:50 UTC</createdTime>
<generatorID>D57265FB-140F-7BE8-5D23-F8C4EC81EDC5</generatorID>
<ownerDesignName>MovieDB_Class</ownerDesignName>
<pk>true</pk>
<indexState>Primary Constraint</indexState>
<isSurrogateKey>false</isSurrogateKey>
<indexColumnUsage>
<colUsage columnID="3A9AD061-C005-AC57-2E88-33667FE46023"/>
<colUsage columnID="9F6B478F-0329-5471-FFA1-FC4AD932B490"/>
</indexColumnUsage>
</ind_PK_UK>
<ind_PK_UK id="2870144E-ABE7-D615-1B3D-5272B66F1300" name="Murder_Of">
<createdBy>626-16</createdBy>
<createdTime>2024-09-25 05:52:50 UTC</createdTime>
<generatorID>3986AA21-C709-B511-33F8-057478F69BA5</generatorID>
<ownerDesignName>MovieDB_Class</ownerDesignName>
<indexState>Foreign Key</indexState>
<isSurrogateKey>false</isSurrogateKey>
<indexColumnUsage>
<colUsage columnID="3A9AD061-C005-AC57-2E88-33667FE46023"/>
<colUsage columnID="9F6B478F-0329-5471-FFA1-FC4AD932B490"/>
</indexColumnUsage>
</ind_PK_UK>
</indexes>
</Table>