<?xml version = '1.0' encoding = 'UTF-8'?>
<Table class="oracle.dbtools.crest.model.design.relational.Table" directorySegmentName="seg_0" id="12D04356-B69B-7C7E-5B79-074B2FFEB508" name="Movie">
<createdBy>626-16</createdBy>
<createdTime>2024-09-25 05:52:50 UTC</createdTime>
<generatorID>9F18CF86-39D7-B157-A5F7-C9E8B200BCF0</generatorID>
<ownerDesignName>MovieDB_Class</ownerDesignName>
<allowColumnReorder>false</allowColumnReorder>
<existDependencyGenerateInDDl>true</existDependencyGenerateInDDl>
<parsed>true</parsed>
<columns itemClass="oracle.dbtools.crest.model.design.relational.Column">
<Column name="title" id="6F5BE546-55C0-4AE2-0054-9AEAAAB275AE">
<createdBy>626-16</createdBy>
<createdTime>2024-09-25 05:52:50 UTC</createdTime>
<generatorID>806273C7-BABB-5AF2-BE0E-336EDBEEC728</generatorID>
<ownerDesignName>MovieDB_Class</ownerDesignName>
<use>0</use>
<logicalDatatype>LOGDT024</logicalDatatype>
<domain>98C19AC1-764F-2D3E-D17F-1F95D35C8621</domain>
<ownDataTypeParameters>,,</ownDataTypeParameters>
<autoIncrementCycle>false</autoIncrementCycle>
</Column>
<Column name="year" id="D4EC3201-9436-3620-5B85-4121F80506E0">
<createdBy>626-16</createdBy>
<createdTime>2024-09-25 05:52:50 UTC</createdTime>
<generatorID>4CF9570D-7EB9-401B-BB9C-07602AAF86C4</generatorID>
<ownerDesignName>MovieDB_Class</ownerDesignName>
<use>0</use>
<logicalDatatype>LOGDT019</logicalDatatype>
<domain>02DA88D4-047B-A84A-4A09-09D993E63408</domain>
<ownDataTypeParameters>,,</ownDataTypeParameters>
<autoIncrementCycle>false</autoIncrementCycle>
<listOfRanges>
<rangeDef class="oracle.dbtools.crest.model.design.constraint.AVT">
<beginValue>1920</beginValue>
<endValue>2024</endValue>
</rangeDef>
</listOfRanges>
</Column>
<Column name="length" id="A44AD486-D03D-50BF-69F5-248F8D68DC19">
<createdBy>626-16</createdBy>
<createdTime>2024-09-25 05:52:50 UTC</createdTime>
<generatorID>F776D517-0007-5385-9EE8-57A098DC753E</generatorID>
<ownerDesignName>MovieDB_Class</ownerDesignName>
<nullsAllowed>true</nullsAllowed>
<use>0</use>
<logicalDatatype>LOGDT019</logicalDatatype>
<domain>B617DEF6-6093-A689-A425-727A37BFBA4A</domain>
<ownDataTypeParameters>,,</ownDataTypeParameters>
<autoIncrementCycle>false</autoIncrementCycle>
<listOfRanges>
<rangeDef class="oracle.dbtools.crest.model.design.constraint.AVT">
<beginValue>50</beginValue>
<endValue>300</endValue>
</rangeDef>
</listOfRanges>
</Column>
<Column name="inColor" id="8C1BAE81-CEBD-F558-9DF3-AC77B5DC70C0">
<createdBy>626-16</createdBy>
<createdTime>2024-09-25 05:52:50 UTC</createdTime>
<generatorID>FE8F9568-B6C5-FB3A-D4F2-E8890564FC32</generatorID>
<ownerDesignName>MovieDB_Class</ownerDesignName>
<nullsAllowed>true</nullsAllowed>
<useDomainConstraints>false</useDomainConstraints>
<use>0</use>
<logicalDatatype>LOGDT025</logicalDatatype>
<dataTypeSize>1</dataTypeSize>
<domain>56C83356-3F05-45B2-E986-63A95E10285D</domain>
<ownDataTypeParameters>1,,</ownDataTypeParameters>
<autoIncrementCycle>false</autoIncrementCycle>
</Column>
<Column name="studioName" id="8D56827D-CA6B-C57A-432F-C7FEAF551091">
<createdBy>626-16</createdBy>
<createdTime>2024-09-25 05:52:50 UTC</createdTime>
<generatorID>8FD2ABF8-CE31-D691-894A-46467764F523</generatorID>
<ownerDesignName>MovieDB_Class</ownerDesignName>
<use>0</use>
<logicalDatatype>LOGDT024</logicalDatatype>
<domain>05661700-5CBB-4582-4FC8-8C9A3E524F8E</domain>
<ownDataTypeParameters>,,</ownDataTypeParameters>
<previousColumn>false</previousColumn>
<autoIncrementCycle>false</autoIncrementCycle>
<associations>
<colAssociation fkAssociation="BC28D4B3-7457-6C30-C3B5-2013CF50F34F" referredColumn="11A8B5B1-FAA5-509A-E3DC-2E3C5A7CAF21"/>
</associations>
</Column>
<Column name="originTitle" id="5A951226-59DD-A57D-9487-222E3925EC78">
<createdBy>626-16</createdBy>
<createdTime>2024-09-25 05:52:50 UTC</createdTime>
<generatorID>0AF1860A-A393-878B-395D-892436EC6E18</generatorID>
<ownerDesignName>MovieDB_Class</ownerDesignName>
<use>0</use>
<logicalDatatype>LOGDT024</logicalDatatype>
<domain>98C19AC1-764F-2D3E-D17F-1F95D35C8621</domain>
<ownDataTypeParameters>,,</ownDataTypeParameters>
<previousColumn>false</previousColumn>
<autoIncrementCycle>false</autoIncrementCycle>
<associations>
<colAssociation fkAssociation="D71E1D6A-85F3-C2BB-4BDD-1CF4DD24D625" referredColumn="6F5BE546-55C0-4AE2-0054-9AEAAAB275AE"/>
</associations>
</Column>
<Column name="originYear" id="F9DD1FAE-2BEF-D2A4-94EB-1F24C257AF62">
<createdBy>626-16</createdBy>
<createdTime>2024-09-25 05:52:50 UTC</createdTime>
<generatorID>00B26A43-50C2-5D4D-63A2-82A70C5B74DF</generatorID>
<ownerDesignName>MovieDB_Class</ownerDesignName>
<use>0</use>
<logicalDatatype>LOGDT019</logicalDatatype>
<domain>02DA88D4-047B-A84A-4A09-09D993E63408</domain>
<ownDataTypeParameters>,,</ownDataTypeParameters>
<previousColumn>false</previousColumn>
<autoIncrementCycle>false</autoIncrementCycle>
<listOfRanges>
<rangeDef class="oracle.dbtools.crest.model.design.constraint.AVT">
<beginValue>1920</beginValue>
<endValue>2024</endValue>
</rangeDef>
</listOfRanges>
<associations>
<colAssociation fkAssociation="D71E1D6A-85F3-C2BB-4BDD-1CF4DD24D625" referredColumn="D4EC3201-9436-3620-5B85-4121F80506E0"/>
</associations>
</Column>
</columns>
<indexes itemClass="oracle.dbtools.crest.model.design.relational.Index">
<ind_PK_UK id="A35A62B2-F5EF-6B45-369A-7C97ADC8C337" name="Movie_PKey">
<createdBy>626-16</createdBy>
<createdTime>2024-09-25 05:52:50 UTC</createdTime>
<generatorID>55250705-F24E-2520-BEC2-2AC1AC807587</generatorID>
<ownerDesignName>MovieDB_Class</ownerDesignName>
<pk>true</pk>
<indexState>Primary Constraint</indexState>
<isSurrogateKey>false</isSurrogateKey>
<indexColumnUsage>
<colUsage columnID="6F5BE546-55C0-4AE2-0054-9AEAAAB275AE"/>
<colUsage columnID="D4EC3201-9436-3620-5B85-4121F80506E0"/>
</indexColumnUsage>
</ind_PK_UK>
<ind_PK_UK id="0F21F550-9BB4-4ABD-97EF-345315FAD25B" name="Owns">
<createdBy>626-16</createdBy>
<createdTime>2024-09-25 05:52:50 UTC</createdTime>
<generatorID>DD255A34-7B20-5428-C6F3-10A7693F235C</generatorID>
<ownerDesignName>MovieDB_Class</ownerDesignName>
<indexState>Foreign Key</indexState>
<isSurrogateKey>false</isSurrogateKey>
<indexColumnUsage>
<colUsage columnID="8D56827D-CA6B-C57A-432F-C7FEAF551091"/>
</indexColumnUsage>
</ind_PK_UK>
<ind_PK_UK id="EA3FEF98-5B43-8941-4627-9C21C46CEDA5" name="Sequel_Of">
<createdBy>626-16</createdBy>
<createdTime>2024-09-25 05:52:50 UTC</createdTime>
<generatorID>1CC2F0DD-7EC2-3C52-A1FE-733100DD59C2</generatorID>
<ownerDesignName>MovieDB_Class</ownerDesignName>
<indexState>Foreign Key</indexState>
<isSurrogateKey>false</isSurrogateKey>
<indexColumnUsage>
<colUsage columnID="5A951226-59DD-A57D-9487-222E3925EC78"/>
<colUsage columnID="F9DD1FAE-2BEF-D2A4-94EB-1F24C257AF62"/>
</indexColumnUsage>
</ind_PK_UK>
</indexes>
</Table>