<?xml version = '1.0' encoding = 'UTF-8'?>
<Table class="oracle.dbtools.crest.model.design.relational.Table" directorySegmentName="seg_0" id="3659B54C-41AD-0516-8088-3E7456E546D8" name="Studio">
<createdBy>626-16</createdBy>
<createdTime>2024-09-25 05:52:50 UTC</createdTime>
<generatorID>88356533-5734-8223-04E9-2250A396A37F</generatorID>
<ownerDesignName>MovieDB_Class</ownerDesignName>
<allowColumnReorder>false</allowColumnReorder>
<existDependencyGenerateInDDl>true</existDependencyGenerateInDDl>
<parsed>true</parsed>
<columns itemClass="oracle.dbtools.crest.model.design.relational.Column">
<Column name="name" id="11A8B5B1-FAA5-509A-E3DC-2E3C5A7CAF21">
<createdBy>626-16</createdBy>
<createdTime>2024-09-25 05:52:50 UTC</createdTime>
<generatorID>2A42DEBF-F7A0-B62C-0C0D-E42EC34C4DF4</generatorID>
<ownerDesignName>MovieDB_Class</ownerDesignName>
<use>0</use>
<logicalDatatype>LOGDT024</logicalDatatype>
<domain>05661700-5CBB-4582-4FC8-8C9A3E524F8E</domain>
<ownDataTypeParameters>,,</ownDataTypeParameters>
<autoIncrementCycle>false</autoIncrementCycle>
</Column>
<Column name="phoneNo" id="4228926B-03CA-052B-C7AC-A72A3B2B9F70">
<createdBy>626-16</createdBy>
<createdTime>2024-09-25 05:52:50 UTC</createdTime>
<generatorID>FC52B24C-E488-9ACB-1E4F-6EC15E0C7017</generatorID>
<ownerDesignName>MovieDB_Class</ownerDesignName>
<nullsAllowed>true</nullsAllowed>
<use>0</use>
<logicalDatatype>LOGDT025</logicalDatatype>
<domain>DD8B124E-99AC-688E-82A8-FE935816E32E</domain>
<ownDataTypeParameters>,,</ownDataTypeParameters>
<autoIncrementCycle>false</autoIncrementCycle>
</Column>
<Column name="presNo" id="0F3D76DE-13E8-0122-BC6E-A78746304C46">
<createdBy>626-16</createdBy>
<createdTime>2024-09-25 05:52:50 UTC</createdTime>
<generatorID>772B7CE7-E84E-1008-6959-93CE25D8C9D0</generatorID>
<ownerDesignName>MovieDB_Class</ownerDesignName>
<nullsAllowed>true</nullsAllowed>
<use>0</use>
<logicalDatatype>LOGDT025</logicalDatatype>
<dataTypeSize>13</dataTypeSize>
<domain>DD8B124E-99AC-688E-82A8-FE935816E32E</domain>
<ownDataTypeParameters>,,</ownDataTypeParameters>
<previousColumn>false</previousColumn>
<autoIncrementCycle>false</autoIncrementCycle>
<associations>
<colAssociation fkAssociation="2F215600-4374-35F6-5610-B2196098BA1F" referredColumn="D3F20F0B-90F1-E14C-C42B-F92B10DB0F06"/>
</associations>
</Column>
</columns>
<indexes itemClass="oracle.dbtools.crest.model.design.relational.Index">
<ind_PK_UK id="8095DEEA-4F61-8843-C2DC-E09CAF079895" name="Studio_PK">
<createdBy>626-16</createdBy>
<createdTime>2024-09-25 05:52:50 UTC</createdTime>
<generatorID>15A005F8-162C-FA02-154C-7831C5E62FBF</generatorID>
<ownerDesignName>MovieDB_Class</ownerDesignName>
<pk>true</pk>
<indexState>Primary Constraint</indexState>
<isSurrogateKey>false</isSurrogateKey>
<indexColumnUsage>
<colUsage columnID="11A8B5B1-FAA5-509A-E3DC-2E3C5A7CAF21"/>
</indexColumnUsage>
</ind_PK_UK>
<ind_PK_UK id="35D80AC0-F7EA-3DC1-F758-A7D408D162F9" name="Studio__IDX">
<createdBy>626-16</createdBy>
<createdTime>2024-09-25 05:52:50 UTC</createdTime>
<ownerDesignName>MovieDB_Class</ownerDesignName>
<indexState>Unique Plain Index</indexState>
<isSurrogateKey>false</isSurrogateKey>
<relationGeneratorID>E02DD558-59CF-C066-FEE5-7946EA286DF3</relationGeneratorID>
<indexColumnUsage>
<colUsage columnID="0F3D76DE-13E8-0122-BC6E-A78746304C46"/>
</indexColumnUsage>
</ind_PK_UK>
<ind_PK_UK id="64F3F9C1-8924-F1A6-D4AE-0A51FB8564E5" name="Runs">
<createdBy>626-16</createdBy>
<createdTime>2024-09-25 05:52:50 UTC</createdTime>
<generatorID>E02DD558-59CF-C066-FEE5-7946EA286DF3</generatorID>
<ownerDesignName>MovieDB_Class</ownerDesignName>
<indexState>Foreign Key</indexState>
<isSurrogateKey>false</isSurrogateKey>
<indexColumnUsage>
<colUsage columnID="0F3D76DE-13E8-0122-BC6E-A78746304C46"/>
</indexColumnUsage>
</ind_PK_UK>
</indexes>
</Table>