<?xml version = '1.0' encoding = 'UTF-8'?>
<Table class="oracle.dbtools.crest.model.design.relational.Table" directorySegmentName="seg_0" id="5524960C-CDCA-B6EE-E7C7-91A76F9E4C00" name="MovieStar">
<createdBy>626-16</createdBy>
<createdTime>2024-09-25 05:52:50 UTC</createdTime>
<generatorID>638A60B7-B20C-309B-4EF7-65C4049253B5</generatorID>
<ownerDesignName>MovieDB_Class</ownerDesignName>
<allowColumnReorder>false</allowColumnReorder>
<existDependencyGenerateInDDl>true</existDependencyGenerateInDDl>
<parsed>true</parsed>
<columns itemClass="oracle.dbtools.crest.model.design.relational.Column">
<Column name="info" id="FB1B4D08-156E-B3C5-C52D-5859539926C5">
<createdBy>626-16</createdBy>
<createdTime>2024-09-25 05:52:50 UTC</createdTime>
<generatorID>FADA7233-E904-85D7-C310-542CE6ADB3BE</generatorID>
<ownerDesignName>MovieDB_Class</ownerDesignName>
<nullsAllowed>true</nullsAllowed>
<useDomainConstraints>false</useDomainConstraints>
<use>3</use>
<structuredType>5BB6C018-C419-B254-65E7-34866E2CD84B</structuredType>
<ownDataTypeParameters>,,</ownDataTypeParameters>
<autoIncrementCycle>false</autoIncrementCycle>
</Column>
<Column name="starDate" id="6D874DD6-7EF7-04A3-2E7D-A40E9C96B779">
<createdBy>626-16</createdBy>
<createdTime>2024-09-25 05:52:50 UTC</createdTime>
<generatorID>1754FAEF-01FA-76EC-DFBA-8AD4C8837858</generatorID>
<ownerDesignName>MovieDB_Class</ownerDesignName>
<nullsAllowed>true</nullsAllowed>
<use>0</use>
<logicalDatatype>LOGDT007</logicalDatatype>
<domain>278C1086-8127-CBBA-2D85-C56F325DBF56</domain>
<ownDataTypeParameters>,,</ownDataTypeParameters>
<autoIncrementCycle>false</autoIncrementCycle>
</Column>
</columns>
<nestedColumns itemClass="oracle.dbtools.crest.model.design.relational.Column">
<nestedColumn name="info.gender" id="C7B30D28-7E28-3519-017C-1C95C2CE60C8">
<createdBy>626-16</createdBy>
<createdTime>2024-09-25 05:52:50 UTC</createdTime>
<generatorID>DFDD6FF8-71E9-59A1-18B5-64CDD7AA1CA0</generatorID>
<ownerDesignName>MovieDB_Class</ownerDesignName>
<nullsAllowed>true</nullsAllowed>
<parentObject>FB1B4D08-156E-B3C5-C52D-5859539926C5</parentObject>
<structAttributeID>94C27E58-1ACF-6ED1-7012-48CF294A7787</structAttributeID>
<use>0</use>
<logicalDatatype>LOGDT025</logicalDatatype>
<dataTypeSize>6</dataTypeSize>
<domain>18509F1A-F79E-595F-1C29-41177C469CD1</domain>
<ownDataTypeParameters>6,,</ownDataTypeParameters>
<autoIncrementCycle>false</autoIncrementCycle>
</nestedColumn>
<nestedColumn name="info.family" id="73549DD5-A306-D003-1CDE-1861B42DCA16">
<createdBy>626-16</createdBy>
<createdTime>2024-09-25 05:52:50 UTC</createdTime>
<generatorID>ADF87A87-36E0-58D9-740A-D60CFB009541</generatorID>
<ownerDesignName>MovieDB_Class</ownerDesignName>
<nullsAllowed>true</nullsAllowed>
<parentObject>FB1B4D08-156E-B3C5-C52D-5859539926C5</parentObject>
<structAttributeID>2EB06FC0-F874-28F8-51D3-F9CFA763F23C</structAttributeID>
<useDomainConstraints>false</useDomainConstraints>
<use>3</use>
<structuredType>D68F9DB4-EFBB-FDDE-B172-486E83366E83</structuredType>
<ownDataTypeParameters>,,</ownDataTypeParameters>
<autoIncrementCycle>false</autoIncrementCycle>
</nestedColumn>
<nestedColumn name="info.family.spouse" id="32164844-A7B7-BFC1-B561-F471D5AB8578">
<createdBy>626-16</createdBy>
<createdTime>2024-09-25 05:52:50 UTC</createdTime>
<generatorID>99D031C2-2C69-0849-AE38-5692142915E4</generatorID>
<ownerDesignName>MovieDB_Class</ownerDesignName>
<nullsAllowed>true</nullsAllowed>
<parentObject>73549DD5-A306-D003-1CDE-1861B42DCA16</parentObject>
<structAttributeID>6ACA7F8A-A511-99A5-8F55-67702A409721</structAttributeID>
<use>0</use>
<logicalDatatype>LOGDT024</logicalDatatype>
<dataTypeSize>50</dataTypeSize>
<domain>05661700-5CBB-4582-4FC8-8C9A3E524F8E</domain>
<ownDataTypeParameters>50,,</ownDataTypeParameters>
<autoIncrementCycle>false</autoIncrementCycle>
</nestedColumn>
<nestedColumn name="info.family.no_child" id="E32709FD-A429-4D66-9181-4F0E24AD5B7C">
<createdBy>626-16</createdBy>
<createdTime>2024-09-25 05:52:50 UTC</createdTime>
<generatorID>3A4BEC8C-97C7-C1F1-CA89-45B3322544D5</generatorID>
<ownerDesignName>MovieDB_Class</ownerDesignName>
<nullsAllowed>true</nullsAllowed>
<parentObject>73549DD5-A306-D003-1CDE-1861B42DCA16</parentObject>
<structAttributeID>3C430DCE-8D59-8C65-9BE1-8AFBC33EEAE4</structAttributeID>
<use>0</use>
<logicalDatatype>LOGDT019</logicalDatatype>
<dataTypePrecision>3</dataTypePrecision>
<domain>B617DEF6-6093-A689-A425-727A37BFBA4A</domain>
<ownDataTypeParameters>,3,</ownDataTypeParameters>
<autoIncrementCycle>false</autoIncrementCycle>
<listOfRanges>
<rangeDef class="oracle.dbtools.crest.model.design.constraint.AVT">
<beginValue>50</beginValue>
<endValue>300</endValue>
</rangeDef>
</listOfRanges>
</nestedColumn>
<nestedColumn name="info.s_no" id="06278307-13EC-302F-83F6-1757508CACF8">
<createdBy>626-16</createdBy>
<createdTime>2024-09-25 05:52:50 UTC</createdTime>
<generatorID>44C3F873-24FE-A60E-F010-CD52035C3B8D</generatorID>
<ownerDesignName>MovieDB_Class</ownerDesignName>
<parentObject>FB1B4D08-156E-B3C5-C52D-5859539926C5</parentObject>
<structAttributeID>8071F89D-1990-8981-2FCE-583CD704E84A</structAttributeID>
<use>0</use>
<logicalDatatype>LOGDT025</logicalDatatype>
<dataTypeSize>13</dataTypeSize>
<domain>DD8B124E-99AC-688E-82A8-FE935816E32E</domain>
<ownDataTypeParameters>13,,</ownDataTypeParameters>
<autoIncrementCycle>false</autoIncrementCycle>
</nestedColumn>
</nestedColumns>
<indexes itemClass="oracle.dbtools.crest.model.design.relational.Index">
<ind_PK_UK id="063D44A8-F6FB-206B-39D0-8DEAEF37F976" name="moviestar_pkey">
<createdBy>626-16</createdBy>
<createdTime>2024-09-25 05:52:50 UTC</createdTime>
<generatorID>AEC2CEEC-9607-1F1A-D48E-7259DB63109B</generatorID>
<ownerDesignName>MovieDB_Class</ownerDesignName>
<pk>true</pk>
<indexState>Primary Constraint</indexState>
<isSurrogateKey>false</isSurrogateKey>
<indexColumnUsage>
<colUsage columnID="06278307-13EC-302F-83F6-1757508CACF8"/>
</indexColumnUsage>
</ind_PK_UK>
</indexes>
</Table>