<?xml version = '1.0' encoding = 'UTF-8'?>
<Table class="oracle.dbtools.crest.model.design.relational.Table" directorySegmentName="seg_0" id="652006E4-B33F-4542-8040-EA2D79D4E5DD" name="Cartoon">
<createdBy>626-16</createdBy>
<createdTime>2024-09-25 05:52:50 UTC</createdTime>
<generatorID>E485CB80-06D8-10B7-8CA9-7105179AD165</generatorID>
<ownerDesignName>MovieDB_Class</ownerDesignName>
<allowColumnReorder>false</allowColumnReorder>
<existDependencyGenerateInDDl>true</existDependencyGenerateInDDl>
<parsed>true</parsed>
<columns itemClass="oracle.dbtools.crest.model.design.relational.Column">
<Column name="title" id="231E231A-4E61-76B9-DEA4-8B8C05BF3EB1">
<createdBy>626-16</createdBy>
<createdTime>2024-09-25 05:52:50 UTC</createdTime>
<generatorID>5B045626-0834-5206-EA97-56149994DDAA</generatorID>
<ownerDesignName>MovieDB_Class</ownerDesignName>
<use>0</use>
<logicalDatatype>LOGDT024</logicalDatatype>
<domain>98C19AC1-764F-2D3E-D17F-1F95D35C8621</domain>
<ownDataTypeParameters>,,</ownDataTypeParameters>
<previousColumn>false</previousColumn>
<autoIncrementCycle>false</autoIncrementCycle>
<associations>
<colAssociation fkAssociation="FFD2F847-8B73-99DD-E4C8-B4FC78F83D4C" referredColumn="6F5BE546-55C0-4AE2-0054-9AEAAAB275AE"/>
</associations>
</Column>
<Column name="year" id="B13B6FCA-6E0B-D8A5-BFC7-361E97B49A98">
<createdBy>626-16</createdBy>
<createdTime>2024-09-25 05:52:50 UTC</createdTime>
<generatorID>D907ADDA-28C1-F979-5B50-3AC94028C90C</generatorID>
<ownerDesignName>MovieDB_Class</ownerDesignName>
<use>0</use>
<logicalDatatype>LOGDT019</logicalDatatype>
<domain>02DA88D4-047B-A84A-4A09-09D993E63408</domain>
<ownDataTypeParameters>,,</ownDataTypeParameters>
<previousColumn>false</previousColumn>
<autoIncrementCycle>false</autoIncrementCycle>
<listOfRanges>
<rangeDef class="oracle.dbtools.crest.model.design.constraint.AVT">
<beginValue>1920</beginValue>
<endValue>2024</endValue>
</rangeDef>
</listOfRanges>
<associations>
<colAssociation fkAssociation="FFD2F847-8B73-99DD-E4C8-B4FC78F83D4C" referredColumn="D4EC3201-9436-3620-5B85-4121F80506E0"/>
</associations>
</Column>
</columns>
<indexes itemClass="oracle.dbtools.crest.model.design.relational.Index">
<ind_PK_UK id="CDE96813-F901-67DA-D772-CC8A836E7DEF" name="Cartoon_PK">
<createdBy>626-16</createdBy>
<createdTime>2024-09-25 05:52:50 UTC</createdTime>
<generatorID>E0EB0A21-B144-2691-940A-25A5B2E56DDD</generatorID>
<ownerDesignName>MovieDB_Class</ownerDesignName>
<pk>true</pk>
<indexState>Primary Constraint</indexState>
<isSurrogateKey>false</isSurrogateKey>
<indexColumnUsage>
<colUsage columnID="231E231A-4E61-76B9-DEA4-8B8C05BF3EB1"/>
<colUsage columnID="B13B6FCA-6E0B-D8A5-BFC7-361E97B49A98"/>
</indexColumnUsage>
</ind_PK_UK>
<ind_PK_UK id="21967B42-85E2-4177-79E4-2448157271A7" name="Cartoon_Of">
<createdBy>626-16</createdBy>
<createdTime>2024-09-25 05:52:50 UTC</createdTime>
<generatorID>DCFE6ADB-0D2D-FD7B-24F2-7E44F427D16F</generatorID>
<ownerDesignName>MovieDB_Class</ownerDesignName>
<indexState>Foreign Key</indexState>
<isSurrogateKey>false</isSurrogateKey>
<indexColumnUsage>
<colUsage columnID="231E231A-4E61-76B9-DEA4-8B8C05BF3EB1"/>
<colUsage columnID="B13B6FCA-6E0B-D8A5-BFC7-361E97B49A98"/>
</indexColumnUsage>
</ind_PK_UK>
</indexes>
</Table>