<?xml version = '1.0' encoding = 'UTF-8'?>
<Table class="oracle.dbtools.crest.model.design.relational.Table" directorySegmentName="seg_0" id="6755D088-CD79-9B65-A30C-BAF15CAC1A31" name="MovieExec">
<createdBy>626-16</createdBy>
<createdTime>2024-09-25 05:52:50 UTC</createdTime>
<generatorID>98EAE47D-E74B-B7AE-AF4E-84B58A5FC1C9</generatorID>
<ownerDesignName>MovieDB_Class</ownerDesignName>
<allowColumnReorder>false</allowColumnReorder>
<existDependencyGenerateInDDl>true</existDependencyGenerateInDDl>
<parsed>true</parsed>
<columns itemClass="oracle.dbtools.crest.model.design.relational.Column">
<Column name="info" id="CE3ED9BB-ACA8-754F-E5B6-217D9330487C">
<createdBy>626-16</createdBy>
<createdTime>2024-09-25 05:52:50 UTC</createdTime>
<generatorID>6AD9D519-70AB-9B30-036E-11F5517AF333</generatorID>
<ownerDesignName>MovieDB_Class</ownerDesignName>
<nullsAllowed>true</nullsAllowed>
<useDomainConstraints>false</useDomainConstraints>
<use>3</use>
<structuredType>3E28D5B7-C5BA-DCAD-5B09-A46C751B1480</structuredType>
<ownDataTypeParameters>,,</ownDataTypeParameters>
<autoIncrementCycle>false</autoIncrementCycle>
</Column>
<Column name="company" id="5D65BBE1-6F7D-0D73-071D-947B2535C592">
<createdBy>626-16</createdBy>
<createdTime>2024-09-25 05:52:50 UTC</createdTime>
<generatorID>1FB992EA-B042-5572-B762-692960E2AE31</generatorID>
<ownerDesignName>MovieDB_Class</ownerDesignName>
<nullsAllowed>true</nullsAllowed>
<use>0</use>
<logicalDatatype>LOGDT024</logicalDatatype>
<domain>05661700-5CBB-4582-4FC8-8C9A3E524F8E</domain>
<ownDataTypeParameters>,,</ownDataTypeParameters>
<autoIncrementCycle>false</autoIncrementCycle>
</Column>
</columns>
<nestedColumns itemClass="oracle.dbtools.crest.model.design.relational.Column">
<nestedColumn name="info.netWorth" id="4216851C-DCCC-3A62-7D66-A590A125ACD1">
<createdBy>626-16</createdBy>
<createdTime>2024-09-25 05:52:50 UTC</createdTime>
<generatorID>E99497BB-C871-C87F-7366-8CD93040987E</generatorID>
<ownerDesignName>MovieDB_Class</ownerDesignName>
<nullsAllowed>true</nullsAllowed>
<parentObject>CE3ED9BB-ACA8-754F-E5B6-217D9330487C</parentObject>
<structAttributeID>08DD951F-3C17-5F03-9E16-F9D400C3035F</structAttributeID>
<use>0</use>
<logicalDatatype>LOGDT019</logicalDatatype>
<dataTypePrecision>20</dataTypePrecision>
<domain>1FBDA7CA-903F-4636-29FB-FB93EF3520EA</domain>
<ownDataTypeParameters>,20,</ownDataTypeParameters>
<autoIncrementCycle>false</autoIncrementCycle>
</nestedColumn>
<nestedColumn name="info.role" id="719B678B-CDBE-7E06-220B-7D4E76161745">
<createdBy>626-16</createdBy>
<createdTime>2024-09-25 05:52:50 UTC</createdTime>
<generatorID>23BFDB3B-729E-FE40-2A76-B4161B547B9D</generatorID>
<ownerDesignName>MovieDB_Class</ownerDesignName>
<nullsAllowed>true</nullsAllowed>
<parentObject>CE3ED9BB-ACA8-754F-E5B6-217D9330487C</parentObject>
<structAttributeID>FD60BA45-341E-A8AA-09A1-EA1819FF9F9C</structAttributeID>
<use>0</use>
<logicalDatatype>LOGDT024</logicalDatatype>
<dataTypeSize>50</dataTypeSize>
<domain>05661700-5CBB-4582-4FC8-8C9A3E524F8E</domain>
<ownDataTypeParameters>50,,</ownDataTypeParameters>
<autoIncrementCycle>false</autoIncrementCycle>
</nestedColumn>
<nestedColumn name="info.family" id="F99F88FA-A0DE-9456-D216-AB4C36878378">
<createdBy>626-16</createdBy>
<createdTime>2024-09-25 05:52:50 UTC</createdTime>
<generatorID>271AC993-89E4-F859-6B1F-F3F089FA7D34</generatorID>
<ownerDesignName>MovieDB_Class</ownerDesignName>
<nullsAllowed>true</nullsAllowed>
<parentObject>CE3ED9BB-ACA8-754F-E5B6-217D9330487C</parentObject>
<structAttributeID>885384A3-EC53-5A7F-74DD-C0ECB309C0CE</structAttributeID>
<useDomainConstraints>false</useDomainConstraints>
<use>3</use>
<structuredType>D68F9DB4-EFBB-FDDE-B172-486E83366E83</structuredType>
<ownDataTypeParameters>,,</ownDataTypeParameters>
<autoIncrementCycle>false</autoIncrementCycle>
</nestedColumn>
<nestedColumn name="info.family.spouse" id="BFE96F65-F63A-B31A-BFFA-932A8D6DA2E2">
<createdBy>626-16</createdBy>
<createdTime>2024-09-25 05:52:50 UTC</createdTime>
<generatorID>36CE3551-E3C8-C75B-CF65-561317EB1EF9</generatorID>
<ownerDesignName>MovieDB_Class</ownerDesignName>
<nullsAllowed>true</nullsAllowed>
<parentObject>F99F88FA-A0DE-9456-D216-AB4C36878378</parentObject>
<structAttributeID>6ACA7F8A-A511-99A5-8F55-67702A409721</structAttributeID>
<use>0</use>
<logicalDatatype>LOGDT024</logicalDatatype>
<dataTypeSize>50</dataTypeSize>
<domain>05661700-5CBB-4582-4FC8-8C9A3E524F8E</domain>
<ownDataTypeParameters>50,,</ownDataTypeParameters>
<autoIncrementCycle>false</autoIncrementCycle>
</nestedColumn>
<nestedColumn name="info.family.no_child" id="783BF2FC-A7D7-FE6A-95A9-8EF845702B42">
<createdBy>626-16</createdBy>
<createdTime>2024-09-25 05:52:50 UTC</createdTime>
<generatorID>56D62302-1C66-46E9-9B63-89DA5B80750A</generatorID>
<ownerDesignName>MovieDB_Class</ownerDesignName>
<nullsAllowed>true</nullsAllowed>
<parentObject>F99F88FA-A0DE-9456-D216-AB4C36878378</parentObject>
<structAttributeID>3C430DCE-8D59-8C65-9BE1-8AFBC33EEAE4</structAttributeID>
<use>0</use>
<logicalDatatype>LOGDT019</logicalDatatype>
<dataTypePrecision>3</dataTypePrecision>
<domain>B617DEF6-6093-A689-A425-727A37BFBA4A</domain>
<ownDataTypeParameters>,3,</ownDataTypeParameters>
<autoIncrementCycle>false</autoIncrementCycle>
<listOfRanges>
<rangeDef class="oracle.dbtools.crest.model.design.constraint.AVT">
<beginValue>50</beginValue>
<endValue>300</endValue>
</rangeDef>
</listOfRanges>
</nestedColumn>
<nestedColumn name="info.e_no" id="D3F20F0B-90F1-E14C-C42B-F92B10DB0F06">
<createdBy>626-16</createdBy>
<createdTime>2024-09-25 05:52:50 UTC</createdTime>
<generatorID>E56DBDF8-DA92-5071-59CE-5E99C0CE7BF2</generatorID>
<ownerDesignName>MovieDB_Class</ownerDesignName>
<parentObject>CE3ED9BB-ACA8-754F-E5B6-217D9330487C</parentObject>
<structAttributeID>08760A80-8D1E-DE16-8459-6CA91D20911D</structAttributeID>
<use>0</use>
<logicalDatatype>LOGDT025</logicalDatatype>
<dataTypeSize>13</dataTypeSize>
<domain>DD8B124E-99AC-688E-82A8-FE935816E32E</domain>
<ownDataTypeParameters>13,,</ownDataTypeParameters>
<autoIncrementCycle>false</autoIncrementCycle>
</nestedColumn>
</nestedColumns>
<indexes itemClass="oracle.dbtools.crest.model.design.relational.Index">
<ind_PK_UK id="D2932291-29DA-3E6C-2620-1EDB5145C59F" name="MovieExec_PK">
<createdBy>626-16</createdBy>
<createdTime>2024-09-25 05:52:50 UTC</createdTime>
<generatorID>7E5E50DA-55F2-A4D6-65A0-24EA587B37F0</generatorID>
<ownerDesignName>MovieDB_Class</ownerDesignName>
<pk>true</pk>
<indexState>Primary Constraint</indexState>
<isSurrogateKey>false</isSurrogateKey>
<indexColumnUsage>
<colUsage columnID="D3F20F0B-90F1-E14C-C42B-F92B10DB0F06"/>
</indexColumnUsage>
</ind_PK_UK>
<ind_PK_UK id="BE91DA5E-7724-1579-38AB-2C5AADF5C51C" name="Unique_Name">
<createdBy>626-16</createdBy>
<createdTime>2024-09-25 05:52:50 UTC</createdTime>
<generatorID>44B1EBD9-8FE8-B23C-6654-E176B5C19FC0</generatorID>
<ownerDesignName>MovieDB_Class</ownerDesignName>
<indexState>Unique Constraint</indexState>
<isSurrogateKey>false</isSurrogateKey>
<indexColumnUsage>
<colUsage columnID="D3F20F0B-90F1-E14C-C42B-F92B10DB0F06"/>
</indexColumnUsage>
</ind_PK_UK>
</indexes>
</Table>