<?xml version = '1.0' encoding = 'UTF-8'?>
<Table class="oracle.dbtools.crest.model.design.relational.Table" directorySegmentName="seg_0" id="7FC1540B-6B67-3727-5BE4-C5FD89C11C5B" name="Contracts">
<createdBy>626-16</createdBy>
<createdTime>2024-09-25 05:52:50 UTC</createdTime>
<generatorID>236EE77B-5765-E6F0-471A-9EDB67BC69ED</generatorID>
<ownerDesignName>MovieDB_Class</ownerDesignName>
<allowColumnReorder>false</allowColumnReorder>
<existDependencyGenerateInDDl>true</existDependencyGenerateInDDl>
<parsed>true</parsed>
<columns itemClass="oracle.dbtools.crest.model.design.relational.Column">
<Column name="salary" id="26C37E33-F3CD-C536-9ECF-F9DD36CB6328">
<createdBy>626-16</createdBy>
<createdTime>2024-09-25 05:52:50 UTC</createdTime>
<generatorID>5900257C-8D4F-A909-3C6C-AD07597948E4</generatorID>
<ownerDesignName>MovieDB_Class</ownerDesignName>
<nullsAllowed>true</nullsAllowed>
<use>0</use>
<logicalDatatype>LOGDT019</logicalDatatype>
<domain>1FBDA7CA-903F-4636-29FB-FB93EF3520EA</domain>
<ownDataTypeParameters>,,</ownDataTypeParameters>
<autoIncrementCycle>false</autoIncrementCycle>
</Column>
<Column name="title" id="CE84C6D5-0C2E-91D5-6D9D-76B908739A50">
<createdBy>626-16</createdBy>
<createdTime>2024-09-25 05:52:50 UTC</createdTime>
<generatorID>57685095-A02B-ABE3-3AC3-AA7A91530BC1</generatorID>
<ownerDesignName>MovieDB_Class</ownerDesignName>
<use>0</use>
<logicalDatatype>LOGDT024</logicalDatatype>
<domain>98C19AC1-764F-2D3E-D17F-1F95D35C8621</domain>
<ownDataTypeParameters>,,</ownDataTypeParameters>
<previousColumn>false</previousColumn>
<autoIncrementCycle>false</autoIncrementCycle>
<associations>
<colAssociation fkAssociation="3E1E166B-7C30-0EF9-AAD5-581DCC7C52E0" referredColumn="6F5BE546-55C0-4AE2-0054-9AEAAAB275AE"/>
</associations>
</Column>
<Column name="year" id="0C53BD5F-769F-E9B5-146B-B46F6174B93F">
<createdBy>626-16</createdBy>
<createdTime>2024-09-25 05:52:50 UTC</createdTime>
<generatorID>756DCD8A-F5FA-EFD2-B92E-F2ADD54F361F</generatorID>
<ownerDesignName>MovieDB_Class</ownerDesignName>
<use>0</use>
<logicalDatatype>LOGDT019</logicalDatatype>
<domain>02DA88D4-047B-A84A-4A09-09D993E63408</domain>
<ownDataTypeParameters>,,</ownDataTypeParameters>
<previousColumn>false</previousColumn>
<autoIncrementCycle>false</autoIncrementCycle>
<listOfRanges>
<rangeDef class="oracle.dbtools.crest.model.design.constraint.AVT">
<beginValue>1920</beginValue>
<endValue>2024</endValue>
</rangeDef>
</listOfRanges>
<associations>
<colAssociation fkAssociation="3E1E166B-7C30-0EF9-AAD5-581DCC7C52E0" referredColumn="D4EC3201-9436-3620-5B85-4121F80506E0"/>
</associations>
</Column>
<Column name="studioName" id="EAB1FD02-1B3A-8ED5-56C0-60E125C53F96">
<createdBy>626-16</createdBy>
<createdTime>2024-09-25 05:52:50 UTC</createdTime>
<generatorID>F50CF78A-ECC5-D269-9672-9F7B5E10F3AE</generatorID>
<ownerDesignName>MovieDB_Class</ownerDesignName>
<use>0</use>
<logicalDatatype>LOGDT024</logicalDatatype>
<domain>05661700-5CBB-4582-4FC8-8C9A3E524F8E</domain>
<ownDataTypeParameters>,,</ownDataTypeParameters>
<previousColumn>false</previousColumn>
<autoIncrementCycle>false</autoIncrementCycle>
<associations>
<colAssociation fkAssociation="6C3FF618-AE9E-19C4-82CD-C5B8D4B3AD80" referredColumn="11A8B5B1-FAA5-509A-E3DC-2E3C5A7CAF21"/>
</associations>
</Column>
<Column name="starNo" id="9ED3014C-E1C4-E5C7-9D8E-C574CC709756">
<createdBy>626-16</createdBy>
<createdTime>2024-09-25 05:56:41 UTC</createdTime>
<generatorID>1BE2F5A9-C5D9-5E4D-3CA8-3FA0A41564C6</generatorID>
<ownerDesignName>MovieDB_Class</ownerDesignName>
<use>0</use>
<logicalDatatype>LOGDT025</logicalDatatype>
<dataTypeSize>13</dataTypeSize>
<domain>DD8B124E-99AC-688E-82A8-FE935816E32E</domain>
<ownDataTypeParameters>,,</ownDataTypeParameters>
<previousColumn>false</previousColumn>
<autoIncrementCycle>false</autoIncrementCycle>
<associations>
<colAssociation fkAssociation="2CD8339A-1370-6A75-1F5C-4FA56DB4DA04" referredColumn="06278307-13EC-302F-83F6-1757508CACF8"/>
</associations>
</Column>
</columns>
<indexes itemClass="oracle.dbtools.crest.model.design.relational.Index">
<ind_PK_UK id="381923A5-AE48-74E7-E30C-F2D8EBB9059A" name="Contracts_PK">
<createdBy>626-16</createdBy>
<createdTime>2024-09-25 05:52:50 UTC</createdTime>
<generatorID>F790C0BD-FB0E-E062-E221-EA51D7DB61B8</generatorID>
<ownerDesignName>MovieDB_Class</ownerDesignName>
<pk>true</pk>
<indexState>Primary Constraint</indexState>
<isSurrogateKey>false</isSurrogateKey>
<indexColumnUsage>
<colUsage columnID="CE84C6D5-0C2E-91D5-6D9D-76B908739A50"/>
<colUsage columnID="0C53BD5F-769F-E9B5-146B-B46F6174B93F"/>
<colUsage columnID="EAB1FD02-1B3A-8ED5-56C0-60E125C53F96"/>
<colUsage columnID="9ED3014C-E1C4-E5C7-9D8E-C574CC709756"/>
</indexColumnUsage>
</ind_PK_UK>
<ind_PK_UK id="6D4EAE08-2B96-73C3-B4B2-198FF9EA8070" name="Contract_Movie">
<createdBy>626-16</createdBy>
<createdTime>2024-09-25 05:52:50 UTC</createdTime>
<generatorID>8CCA6D26-72B1-66C5-DD5F-EF3B7316AA4C</generatorID>
<ownerDesignName>MovieDB_Class</ownerDesignName>
<indexState>Foreign Key</indexState>
<isSurrogateKey>false</isSurrogateKey>
<indexColumnUsage>
<colUsage columnID="CE84C6D5-0C2E-91D5-6D9D-76B908739A50"/>
<colUsage columnID="0C53BD5F-769F-E9B5-146B-B46F6174B93F"/>
</indexColumnUsage>
</ind_PK_UK>
<ind_PK_UK id="A28C5C5A-667C-9078-D170-33831CBEBACE" name="Contract_Star">
<createdBy>626-16</createdBy>
<createdTime>2024-09-25 05:52:50 UTC</createdTime>
<generatorID>AB8CCEC9-37A5-A9CC-2A05-D6E8F71EC7D3</generatorID>
<ownerDesignName>MovieDB_Class</ownerDesignName>
<indexState>Foreign Key</indexState>
<isSurrogateKey>false</isSurrogateKey>
<indexColumnUsage>
<colUsage columnID="9ED3014C-E1C4-E5C7-9D8E-C574CC709756"/>
</indexColumnUsage>
</ind_PK_UK>
<ind_PK_UK id="3FC1DE8C-9589-A199-6906-E5688D9D10E8" name="Contract_Studio">
<createdBy>626-16</createdBy>
<createdTime>2024-09-25 05:52:50 UTC</createdTime>
<generatorID>58029BBB-1A4E-3FB4-C42D-98529A2ACBA2</generatorID>
<ownerDesignName>MovieDB_Class</ownerDesignName>
<indexState>Foreign Key</indexState>
<isSurrogateKey>false</isSurrogateKey>
<indexColumnUsage>
<colUsage columnID="EAB1FD02-1B3A-8ED5-56C0-60E125C53F96"/>
</indexColumnUsage>
</ind_PK_UK>
</indexes>
</Table>