<?xml version = '1.0' encoding = 'UTF-8'?>
<Table class="oracle.dbtools.crest.model.design.relational.Table" directorySegmentName="seg_0" id="8B69D097-3182-F76A-D91C-4F84E3E2F87D" name="StarsIn">
<createdBy>626-16</createdBy>
<createdTime>2024-09-25 05:52:50 UTC</createdTime>
<ownerDesignName>MovieDB_Class</ownerDesignName>
<allowColumnReorder>false</allowColumnReorder>
<existDependencyGenerateInDDl>true</existDependencyGenerateInDDl>
<parsed>true</parsed>
<columns itemClass="oracle.dbtools.crest.model.design.relational.Column">
<Column name="movieTitle" id="4FB30A68-9FEB-C5EA-A360-3631D954A65E">
<createdBy>626-16</createdBy>
<createdTime>2024-09-25 05:52:50 UTC</createdTime>
<ownerDesignName>MovieDB_Class</ownerDesignName>
<use>0</use>
<logicalDatatype>LOGDT024</logicalDatatype>
<domain>98C19AC1-764F-2D3E-D17F-1F95D35C8621</domain>
<ownDataTypeParameters>,,</ownDataTypeParameters>
<previousColumn>false</previousColumn>
<autoIncrementCycle>false</autoIncrementCycle>
<associations>
<colAssociation fkAssociation="AD90B4C9-B9B3-1758-1B98-A240253F5225" referredColumn="6F5BE546-55C0-4AE2-0054-9AEAAAB275AE"/>
</associations>
</Column>
<Column name="movieYear" id="85657AC4-EB4D-B4FF-8EF7-7C833AF1E736">
<createdBy>626-16</createdBy>
<createdTime>2024-09-25 05:52:50 UTC</createdTime>
<ownerDesignName>MovieDB_Class</ownerDesignName>
<use>0</use>
<logicalDatatype>LOGDT019</logicalDatatype>
<domain>02DA88D4-047B-A84A-4A09-09D993E63408</domain>
<ownDataTypeParameters>,,</ownDataTypeParameters>
<previousColumn>false</previousColumn>
<autoIncrementCycle>false</autoIncrementCycle>
<listOfRanges>
<rangeDef class="oracle.dbtools.crest.model.design.constraint.AVT">
<beginValue>1920</beginValue>
<endValue>2024</endValue>
</rangeDef>
</listOfRanges>
<associations>
<colAssociation fkAssociation="AD90B4C9-B9B3-1758-1B98-A240253F5225" referredColumn="D4EC3201-9436-3620-5B85-4121F80506E0"/>
</associations>
</Column>
<Column name="starNo" id="E9F09B2C-981E-C0E7-8396-DCBD55ABFCA0">
<createdBy>626-16</createdBy>
<createdTime>2024-09-25 05:56:41 UTC</createdTime>
<ownerDesignName>MovieDB_Class</ownerDesignName>
<use>0</use>
<logicalDatatype>LOGDT025</logicalDatatype>
<dataTypeSize>13</dataTypeSize>
<domain>DD8B124E-99AC-688E-82A8-FE935816E32E</domain>
<ownDataTypeParameters>,,</ownDataTypeParameters>
<previousColumn>false</previousColumn>
<autoIncrementCycle>false</autoIncrementCycle>
<associations>
<colAssociation fkAssociation="E55EC901-C7E6-89DF-6197-5819302B44C5" referredColumn="06278307-13EC-302F-83F6-1757508CACF8"/>
</associations>
</Column>
<Column name="Gurantee" id="D86824F4-CE62-0AEB-4361-23B5D9A7A969">
<createdBy>626-16</createdBy>
<createdTime>2024-09-25 05:52:50 UTC</createdTime>
<generatorID>47465332-267E-50BD-35CC-E543FA6A16F0</generatorID>
<ownerDesignName>MovieDB_Class</ownerDesignName>
<nullsAllowed>true</nullsAllowed>
<useDomainConstraints>false</useDomainConstraints>
<use>1</use>
<logicalDatatype>LOGDT019</logicalDatatype>
<dataTypePrecision>30</dataTypePrecision>
<dataTypeScale>0</dataTypeScale>
<ownDataTypeParameters>,30,0</ownDataTypeParameters>
<autoIncrementCycle>false</autoIncrementCycle>
<isRelationshipColumn>true</isRelationshipColumn>
</Column>
</columns>
<indexes itemClass="oracle.dbtools.crest.model.design.relational.Index">
<ind_PK_UK id="E8E781DC-BD12-9FB0-BA9C-6D94675B4EF0" name="StarsIn_PK">
<createdBy>626-16</createdBy>
<createdTime>2024-09-25 05:52:50 UTC</createdTime>
<ownerDesignName>MovieDB_Class</ownerDesignName>
<pk>true</pk>
<indexState>Primary Constraint</indexState>
<isSurrogateKey>false</isSurrogateKey>
<indexColumnUsage>
<colUsage columnID="4FB30A68-9FEB-C5EA-A360-3631D954A65E"/>
<colUsage columnID="85657AC4-EB4D-B4FF-8EF7-7C833AF1E736"/>
<colUsage columnID="E9F09B2C-981E-C0E7-8396-DCBD55ABFCA0"/>
</indexColumnUsage>
</ind_PK_UK>
<ind_PK_UK id="9D7CDCDE-3D62-7901-5AF6-0EF1170653CF" name="StarsIn_Movie_FK">
<createdBy>626-16</createdBy>
<createdTime>2024-09-25 05:52:50 UTC</createdTime>
<generatorID>BA88CC4F-E690-8FFB-9CCC-9BDDF1B49026</generatorID>
<ownerDesignName>MovieDB_Class</ownerDesignName>
<indexState>Foreign Key</indexState>
<isSurrogateKey>false</isSurrogateKey>
<indexColumnUsage>
<colUsage columnID="4FB30A68-9FEB-C5EA-A360-3631D954A65E"/>
<colUsage columnID="85657AC4-EB4D-B4FF-8EF7-7C833AF1E736"/>
</indexColumnUsage>
</ind_PK_UK>
<ind_PK_UK id="A5BF3BE4-614E-101A-6640-031B3F125E6A" name="StarsIn_MovieStar_FK">
<createdBy>626-16</createdBy>
<createdTime>2024-09-25 05:52:50 UTC</createdTime>
<generatorID>BA88CC4F-E690-8FFB-9CCC-9BDDF1B49026</generatorID>
<ownerDesignName>MovieDB_Class</ownerDesignName>
<indexState>Foreign Key</indexState>
<isSurrogateKey>false</isSurrogateKey>
<indexColumnUsage>
<colUsage columnID="E9F09B2C-981E-C0E7-8396-DCBD55ABFCA0"/>
</indexColumnUsage>
</ind_PK_UK>
</indexes>
</Table>