<?xml version = '1.0' encoding = 'UTF-8'?>
<Table class="oracle.dbtools.crest.model.design.relational.Table" directorySegmentName="seg_0" id="9409AC29-7C30-80BE-C651-177806BD98D9" name="Crew">
<createdBy>626-16</createdBy>
<createdTime>2024-09-25 05:52:50 UTC</createdTime>
<generatorID>D595EB7D-3010-A0F8-B655-BDEA2740EE65</generatorID>
<notes><![CDATA[Weak Entity Set]]></notes>
<ownerDesignName>MovieDB_Class</ownerDesignName>
<allowColumnReorder>false</allowColumnReorder>
<existDependencyGenerateInDDl>true</existDependencyGenerateInDDl>
<parsed>true</parsed>
<columns itemClass="oracle.dbtools.crest.model.design.relational.Column">
<Column name="number" id="BCD9B64B-5968-FC48-FCD5-498F08D7D6DE">
<createdBy>626-16</createdBy>
<createdTime>2024-09-25 05:52:50 UTC</createdTime>
<generatorID>47380E3F-999E-0763-D514-6E08F72A1FC5</generatorID>
<ownerDesignName>MovieDB_Class</ownerDesignName>
<use>0</use>
<logicalDatatype>LOGDT019</logicalDatatype>
<domain>CE133EA7-C930-E7A1-A9C7-B6B38813555D</domain>
<ownDataTypeParameters>,,</ownDataTypeParameters>
<autoIncrementCycle>false</autoIncrementCycle>
<listOfRanges>
<rangeDef class="oracle.dbtools.crest.model.design.constraint.AVT">
<beginValue>1</beginValue>
<endValue>9999999</endValue>
</rangeDef>
</listOfRanges>
</Column>
<Column name="studioName" id="35369D37-E2A9-402C-23EF-EA595C781EC9">
<createdBy>626-16</createdBy>
<createdTime>2024-09-25 05:52:50 UTC</createdTime>
<generatorID>94C796A6-6741-7F2C-1AE9-FC72CDB18258</generatorID>
<ownerDesignName>MovieDB_Class</ownerDesignName>
<use>0</use>
<logicalDatatype>LOGDT024</logicalDatatype>
<domain>05661700-5CBB-4582-4FC8-8C9A3E524F8E</domain>
<ownDataTypeParameters>,,</ownDataTypeParameters>
<previousColumn>false</previousColumn>
<autoIncrementCycle>false</autoIncrementCycle>
<associations>
<colAssociation fkAssociation="4847935B-B8B6-0EAC-2F68-77261A74B689" referredColumn="11A8B5B1-FAA5-509A-E3DC-2E3C5A7CAF21"/>
</associations>
</Column>
</columns>
<indexes itemClass="oracle.dbtools.crest.model.design.relational.Index">
<ind_PK_UK id="0297727C-4D95-1B21-7F9D-A1A1F10A2F49" name="Crew_PK">
<createdBy>626-16</createdBy>
<createdTime>2024-09-25 05:52:50 UTC</createdTime>
<generatorID>0B06B4EB-D2B8-549F-6B5E-AF99D4881884</generatorID>
<ownerDesignName>MovieDB_Class</ownerDesignName>
<pk>true</pk>
<indexState>Primary Constraint</indexState>
<isSurrogateKey>false</isSurrogateKey>
<indexColumnUsage>
<colUsage columnID="BCD9B64B-5968-FC48-FCD5-498F08D7D6DE"/>
<colUsage columnID="35369D37-E2A9-402C-23EF-EA595C781EC9"/>
</indexColumnUsage>
</ind_PK_UK>
<ind_PK_UK id="80271AF0-C17B-2B38-0AB1-32DCCDB4CC36" name="Crew_Of">
<createdBy>626-16</createdBy>
<createdTime>2024-09-25 05:52:50 UTC</createdTime>
<generatorID>032A531D-5D85-7D0D-93DD-341CEB1561D4</generatorID>
<ownerDesignName>MovieDB_Class</ownerDesignName>
<indexState>Foreign Key</indexState>
<isSurrogateKey>false</isSurrogateKey>
<indexColumnUsage>
<colUsage columnID="35369D37-E2A9-402C-23EF-EA595C781EC9"/>
</indexColumnUsage>
</ind_PK_UK>
</indexes>
</Table>