<?xml version = '1.0' encoding = 'UTF-8'?>
<relationalModel class="oracle.dbtools.crest.model.design.relational.RelationalDesign" name="Relational_1" id="D4FEE557-2117-DF8A-4949-437E6FD74926" mainViewID="BECF9CCC-7325-B54E-96AE-F9D2AC0D824C">
<createdBy>shhong</createdBy>
<createdTime>2023-09-04 14:36:45 UTC</createdTime>
<ownerDesignName>MovieDB_2023</ownerDesignName>
<shouldBeOpen>true</shouldBeOpen>
<selectedRDBMSSite>01F6E6D1-21D0-CFBD-ABDD-3988D1813575</selectedRDBMSSite>
</relationalModel>