<?xml version = '1.0' encoding = 'UTF-8'?>
<Diagram class="oracle.dbtools.crest.swingui.relational.DPVRelational" name="Relational_2" id="50DDDCEF-0016-050C-C995-FF0AE75EF385">
<createdBy>626-16</createdBy>
<modifiedBy>626-16</modifiedBy>
<createdTime>2024-09-25 05:52:02 UTC</createdTime>
<autoRoute>false</autoRoute>
<boxInbox>true</boxInbox>
<showLegend>false</showLegend>
<showLabels>false</showLabels>
<showRelAttributes>false</showRelAttributes>
<gridEnabled>false</gridEnabled>
<showGrid>false</showGrid>
<diagramColor>-1</diagramColor>
<display>false</display>
<notation>1</notation>
<objectViews>
<OView class="oracle.dbtools.crest.swingui.relational.TVTable" oid="0EF979B9-68E7-F804-E0C6-EBBDB023344F" otype="Table" vid="EB7570EA-D6B5-A08E-B8C6-A006F6919B95">
<hideElementsInCurrentOnly>false</hideElementsInCurrentOnly>
<bounds x="5" y="118" width="180" height="131"/>
</OView>
<OView class="oracle.dbtools.crest.swingui.relational.TVView" oid="118CC16F-BF5B-E4A1-1A2F-E3D4C2666377" otype="View" vid="145ECF0E-E8CE-B4E6-3280-3AFCB4E6D55C">
<hideElementsInCurrentOnly>false</hideElementsInCurrentOnly>
<bounds x="324" y="587" width="170" height="136"/>
</OView>
<OView class="oracle.dbtools.crest.swingui.relational.TVTable" oid="12D04356-B69B-7C7E-5B79-074B2FFEB508" otype="Table" vid="545C024C-1D38-D9B3-E546-835225644C64">
<hideElementsInCurrentOnly>false</hideElementsInCurrentOnly>
<bounds x="236" y="9" width="223" height="192"/>
</OView>
<OView class="oracle.dbtools.crest.swingui.relational.TVTable" oid="3659B54C-41AD-0516-8088-3E7456E546D8" otype="Table" vid="8E75CFCE-2EEB-0D55-47DC-A2052CDEACBB">
<hideElementsInCurrentOnly>false</hideElementsInCurrentOnly>
<bounds x="530" y="14" width="196" height="138"/>
</OView>
<OView class="oracle.dbtools.crest.swingui.relational.TVTable" oid="5524960C-CDCA-B6EE-E7C7-91A76F9E4C00" otype="Table" vid="BE0D1C43-3F05-08E9-4882-4FAECB6BF5E8">
<hideElementsInCurrentOnly>false</hideElementsInCurrentOnly>
<bounds x="58" y="488" width="188" height="107"/>
</OView>
<OView class="oracle.dbtools.crest.swingui.relational.TVTable" oid="652006E4-B33F-4542-8040-EA2D79D4E5DD" otype="Table" vid="DDC601C3-57D9-0461-2B34-5F9EE0B1962C">
<hideElementsInCurrentOnly>false</hideElementsInCurrentOnly>
<bounds x="8" y="4" width="176" height="103"/>
</OView>
<OView class="oracle.dbtools.crest.swingui.relational.TVTable" oid="66F17E1F-DC53-BC03-B31E-207AF4319A0D" otype="Table" vid="578E4770-425C-20B8-7F1C-B1EEAA160346">
<hideElementsInCurrentOnly>false</hideElementsInCurrentOnly>
<bounds x="767" y="11" width="187" height="183"/>
<useDefaultColor>false</useDefaultColor>
<backgroundColor>-13057</backgroundColor>
<foregroundColor>-16776961</foregroundColor>
</OView>
<OView class="oracle.dbtools.crest.swingui.relational.TVTable" oid="6755D088-CD79-9B65-A30C-BAF15CAC1A31" otype="Table" vid="0CD45C53-F263-D5DB-7C5D-FD070E1D8233">
<hideElementsInCurrentOnly>false</hideElementsInCurrentOnly>
<bounds x="608" y="434" width="190" height="121"/>
</OView>
<OView class="oracle.dbtools.crest.swingui.relational.TVTable" oid="7FC1540B-6B67-3727-5BE4-C5FD89C11C5B" otype="Table" vid="17D292F2-3CE7-6660-8EFC-367990453475">
<hideElementsInCurrentOnly>false</hideElementsInCurrentOnly>
<bounds x="351" y="359" width="234" height="199"/>
</OView>
<OView class="oracle.dbtools.crest.swingui.relational.TVTable" oid="8B69D097-3182-F76A-D91C-4F84E3E2F87D" otype="Table" vid="72059EB6-1979-3BCE-9F18-170CF2688A08">
<hideElementsInCurrentOnly>false</hideElementsInCurrentOnly>
<bounds x="64" y="275" width="235" height="176"/>
</OView>
<OView class="oracle.dbtools.crest.swingui.relational.TVTable" oid="9409AC29-7C30-80BE-C651-177806BD98D9" otype="Table" vid="60297216-7ACB-C481-304A-C363EB3CCF01">
<hideElementsInCurrentOnly>false</hideElementsInCurrentOnly>
<bounds x="689" y="256" width="171" height="110"/>
</OView>
</objectViews>
<connectors>
<Connector class="oracle.dbtools.crest.swingui.relational.TVFKRelation" oid="2CD8339A-1370-6A75-1F5C-4FA56DB4DA04" otype="FKIndexAssociation" vid_source="BE0D1C43-3F05-08E9-4882-4FAECB6BF5E8" vid_target="17D292F2-3CE7-6660-8EFC-367990453475">
<hideElementsInCurrentOnly>false</hideElementsInCurrentOnly>
<backgroundColor>-16777216</backgroundColor>
<lineWidth>1</lineWidth>
<points>
<point x="246" y="523"/>
<point x="351" y="523"/>
</points>
</Connector>
<Connector class="oracle.dbtools.crest.swingui.relational.TVFKRelation" oid="2F215600-4374-35F6-5610-B2196098BA1F" otype="FKIndexAssociation" vid_source="0CD45C53-F263-D5DB-7C5D-FD070E1D8233" vid_target="8E75CFCE-2EEB-0D55-47DC-A2052CDEACBB">
<hideElementsInCurrentOnly>false</hideElementsInCurrentOnly>
<backgroundColor>-16777216</backgroundColor>
<lineWidth>1</lineWidth>
<points>
<point x="667" y="434"/>
<point x="667" y="152"/>
</points>
</Connector>
<Connector class="oracle.dbtools.crest.swingui.relational.TVFKRelation" oid="3739671B-2BF5-F3E7-54C5-81020A6D9E32" otype="FKIndexAssociation" vid_source="545C024C-1D38-D9B3-E546-835225644C64" vid_target="EB7570EA-D6B5-A08E-B8C6-A006F6919B95">
<hideElementsInCurrentOnly>false</hideElementsInCurrentOnly>
<backgroundColor>-16777216</backgroundColor>
<lineWidth>1</lineWidth>
<points>
<point x="236" y="159"/>
<point x="185" y="159"/>
</points>
</Connector>
<Connector class="oracle.dbtools.crest.swingui.relational.TVFKRelation" oid="3E1E166B-7C30-0EF9-AAD5-581DCC7C52E0" otype="FKIndexAssociation" vid_source="545C024C-1D38-D9B3-E546-835225644C64" vid_target="17D292F2-3CE7-6660-8EFC-367990453475">
<hideElementsInCurrentOnly>false</hideElementsInCurrentOnly>
<backgroundColor>-16777216</backgroundColor>
<lineWidth>1</lineWidth>
<points>
<point x="405" y="201"/>
<point x="405" y="359"/>
</points>
</Connector>
<Connector class="oracle.dbtools.crest.swingui.relational.TVFKRelation" oid="4847935B-B8B6-0EAC-2F68-77261A74B689" otype="FKIndexAssociation" vid_source="8E75CFCE-2EEB-0D55-47DC-A2052CDEACBB" vid_target="60297216-7ACB-C481-304A-C363EB3CCF01">
<hideElementsInCurrentOnly>false</hideElementsInCurrentOnly>
<backgroundColor>-16777216</backgroundColor>
<lineWidth>1</lineWidth>
<points>
<point x="707" y="152"/>
<point x="707" y="256"/>
</points>
</Connector>
<Connector class="oracle.dbtools.crest.swingui.relational.TVFKRelation" oid="6C3FF618-AE9E-19C4-82CD-C5B8D4B3AD80" otype="FKIndexAssociation" vid_source="8E75CFCE-2EEB-0D55-47DC-A2052CDEACBB" vid_target="17D292F2-3CE7-6660-8EFC-367990453475">
<hideElementsInCurrentOnly>false</hideElementsInCurrentOnly>
<backgroundColor>-16777216</backgroundColor>
<lineWidth>1</lineWidth>
<points>
<point x="557" y="152"/>
<point x="557" y="359"/>
</points>
</Connector>
<Connector class="oracle.dbtools.crest.swingui.relational.TVFKRelation" oid="8D10561E-5F0E-4045-6E86-5FEFF412C96E" otype="FKIndexAssociation" vid_source="8E75CFCE-2EEB-0D55-47DC-A2052CDEACBB" vid_target="578E4770-425C-20B8-7F1C-B1EEAA160346">
<hideElementsInCurrentOnly>false</hideElementsInCurrentOnly>
<backgroundColor>-16777216</backgroundColor>
<lineWidth>1</lineWidth>
<points>
<point x="723" y="63"/>
<point x="723" y="64"/>
<point x="767" y="64"/>
</points>
</Connector>
<Connector class="oracle.dbtools.crest.swingui.relational.TVFKRelation" oid="AD90B4C9-B9B3-1758-1B98-A240253F5225" otype="FKIndexAssociation" vid_source="545C024C-1D38-D9B3-E546-835225644C64" vid_target="72059EB6-1979-3BCE-9F18-170CF2688A08">
<hideElementsInCurrentOnly>false</hideElementsInCurrentOnly>
<backgroundColor>-16777216</backgroundColor>
<lineWidth>1</lineWidth>
<points>
<point x="267" y="201"/>
<point x="267" y="275"/>
</points>
</Connector>
<Connector class="oracle.dbtools.crest.swingui.relational.TVFKRelation" oid="BC28D4B3-7457-6C30-C3B5-2013CF50F34F" otype="FKIndexAssociation" vid_source="8E75CFCE-2EEB-0D55-47DC-A2052CDEACBB" vid_target="545C024C-1D38-D9B3-E546-835225644C64">
<hideElementsInCurrentOnly>false</hideElementsInCurrentOnly>
<backgroundColor>-16777216</backgroundColor>
<lineWidth>1</lineWidth>
<points>
<point x="530" y="83"/>
<point x="459" y="83"/>
</points>
</Connector>
<Connector class="oracle.dbtools.crest.swingui.relational.TVFKRelation" oid="D71E1D6A-85F3-C2BB-4BDD-1CF4DD24D625" otype="FKIndexAssociation" vid_source="545C024C-1D38-D9B3-E546-835225644C64" vid_target="545C024C-1D38-D9B3-E546-835225644C64">
<hideElementsInCurrentOnly>false</hideElementsInCurrentOnly>
<backgroundColor>-16777216</backgroundColor>
<lineWidth>1</lineWidth>
<points>
<point x="236" y="23"/>
<point x="200" y="23"/>
<point x="201" y="55"/>
<point x="236" y="55"/>
</points>
</Connector>
<Connector class="oracle.dbtools.crest.swingui.relational.TVFKRelation" oid="E55EC901-C7E6-89DF-6197-5819302B44C5" otype="FKIndexAssociation" vid_source="BE0D1C43-3F05-08E9-4882-4FAECB6BF5E8" vid_target="72059EB6-1979-3BCE-9F18-170CF2688A08">
<hideElementsInCurrentOnly>false</hideElementsInCurrentOnly>
<backgroundColor>-16777216</backgroundColor>
<lineWidth>1</lineWidth>
<points>
<point x="155" y="488"/>
<point x="155" y="451"/>
</points>
</Connector>
<Connector class="oracle.dbtools.crest.swingui.relational.TVFKRelation" oid="FFD2F847-8B73-99DD-E4C8-B4FC78F83D4C" otype="FKIndexAssociation" vid_source="545C024C-1D38-D9B3-E546-835225644C64" vid_target="DDC601C3-57D9-0461-2B34-5F9EE0B1962C">
<hideElementsInCurrentOnly>false</hideElementsInCurrentOnly>
<backgroundColor>-16777216</backgroundColor>
<lineWidth>1</lineWidth>
<points>
<point x="236" y="82"/>
<point x="193" y="82"/>
<point x="184" y="82"/>
</points>
</Connector>
</connectors>
</Diagram>