<?xml version = '1.0' encoding = 'UTF-8'?>
<Entity class="oracle.dbtools.crest.model.design.logical.Entity" directorySegmentName="seg_0" id="17EF8DE7-2410-E127-FF71-84EE99761E20" name="Movie">
<createdBy>626-16</createdBy>
<createdTime>2024-09-04 04:49:55 UTC</createdTime>
<ownerDesignName>MovieDB</ownerDesignName>
<engineerTo>
<item key="C33B7766-4858-A416-48C5-3986A2A8DB3A" value="true"/>
</engineerTo>
<adequatelyNormalized>NO</adequatelyNormalized>
<expectedVolumes>0</expectedVolumes>
<fwdEngineeringStrategyName>Single Table</fwdEngineeringStrategyName>
<growthPercent>0</growthPercent>
<growthType>Year</growthType>
<maxVolumes>9999999</maxVolumes>
<minVolumes>0</minVolumes>
<normalForm>Third</normalForm>
<attributes itemClass="oracle.dbtools.crest.model.design.logical.Attribute">
<Attribute name="title" id="95E77BA8-3905-8EC9-38FF-A71C96C0DF89">
<createdBy>626-16</createdBy>
<createdTime>2024-09-04 04:50:54 UTC</createdTime>
<ownerDesignName>MovieDB</ownerDesignName>
<engineerTo>
<item key="C33B7766-4858-A416-48C5-3986A2A8DB3A" value="true"/>
</engineerTo>
<use>0</use>
<logicalDatatype>LOGDT024</logicalDatatype>
<domain>710C1885-DA56-F92C-2AA6-3B3A485D4087</domain>
<ownDataTypeParameters>,,</ownDataTypeParameters>
</Attribute>
<Attribute name="year" id="31F1BF2D-18E2-7B62-A146-AA7CAF8CFBF7">
<createdBy>626-16</createdBy>
<createdTime>2024-09-04 04:51:18 UTC</createdTime>
<ownerDesignName>MovieDB</ownerDesignName>
<engineerTo>
<item key="C33B7766-4858-A416-48C5-3986A2A8DB3A" value="true"/>
</engineerTo>
<use>0</use>
<logicalDatatype>LOGDT019</logicalDatatype>
<domain>2E1E392E-4D8D-3EBA-E724-82A49CB837BB</domain>
<ownDataTypeParameters>,,</ownDataTypeParameters>
<listOfRanges>
<rangeDef class="oracle.dbtools.crest.model.design.constraint.AVT">
<beginValue>1920</beginValue>
<endValue>2024</endValue>
</rangeDef>
</listOfRanges>
</Attribute>
<Attribute name="length" id="2421A675-271D-9861-9208-B41A70FB3583">
<createdBy>626-16</createdBy>
<createdTime>2024-09-04 05:08:01 UTC</createdTime>
<ownerDesignName>MovieDB</ownerDesignName>
<engineerTo>
<item key="C33B7766-4858-A416-48C5-3986A2A8DB3A" value="true"/>
</engineerTo>
<nullsAllowed>true</nullsAllowed>
<use>0</use>
<logicalDatatype>LOGDT019</logicalDatatype>
<domain>6FEAD73E-395E-DFC0-E8F4-F4EF69069C6F</domain>
<ownDataTypeParameters>,,</ownDataTypeParameters>
<listOfRanges>
<rangeDef class="oracle.dbtools.crest.model.design.constraint.AVT">
<beginValue>50</beginValue>
<endValue>300</endValue>
</rangeDef>
</listOfRanges>
</Attribute>
<Attribute name="inColor" id="2C7B06E8-B01B-53F4-8C6E-DD500D53352E">
<createdBy>626-16</createdBy>
<createdTime>2024-09-04 05:08:15 UTC</createdTime>
<ownerDesignName>MovieDB</ownerDesignName>
<engineerTo>
<item key="C33B7766-4858-A416-48C5-3986A2A8DB3A" value="true"/>
</engineerTo>
<nullsAllowed>true</nullsAllowed>
<useDomainConstraints>false</useDomainConstraints>
<use>1</use>
<logicalDatatype>LOGDT025</logicalDatatype>
<dataTypeSize>1</dataTypeSize>
<ownDataTypeParameters>1,,</ownDataTypeParameters>
</Attribute>
<Attribute name="studioName" id="6FA38C33-0E33-65CF-D485-C9CE101E09E9">
<createdBy>626-16</createdBy>
<createdTime>2024-09-04 05:12:47 UTC</createdTime>
<generatorID>B333B479-5A69-7CDE-9189-217E8421A09D</generatorID>
<ownerDesignName>MovieDB</ownerDesignName>
<engineerTo>
<item key="C33B7766-4858-A416-48C5-3986A2A8DB3A" value="true"/>
</engineerTo>
<referedAttribute>C4A992E5-17F0-4B0E-61D6-47825E1A186A</referedAttribute>
<use>0</use>
<logicalDatatype>LOGDT024</logicalDatatype>
<domain>14C6D348-0CAF-A556-70F8-9525B8D2BDA0</domain>
<ownDataTypeParameters>,,</ownDataTypeParameters>
</Attribute>
</attributes>
<identifiers itemClass="oracle.dbtools.crest.model.design.logical.CandidateKey">
<identifier id="89B977F5-C2C1-872D-EC24-B1C733E9BF2F" name="Movie_PKey">
<createdBy>626-16</createdBy>
<createdTime>2024-09-04 04:51:59 UTC</createdTime>
<ownerDesignName>MovieDB</ownerDesignName>
<engineerTo>
<item key="C33B7766-4858-A416-48C5-3986A2A8DB3A" value="true"/>
</engineerTo>
<pk>true</pk>
<newElementsIDs>95E77BA8-3905-8EC9-38FF-A71C96C0DF89,31F1BF2D-18E2-7B62-A146-AA7CAF8CFBF7</newElementsIDs>
<usedAttributes>
<attributeRef>95E77BA8-3905-8EC9-38FF-A71C96C0DF89</attributeRef>
<attributeRef>31F1BF2D-18E2-7B62-A146-AA7CAF8CFBF7</attributeRef>
</usedAttributes>
</identifier>
</identifiers>
</Entity>