<?xml version = '1.0' encoding = 'UTF-8'?>
<Entity class="oracle.dbtools.crest.model.design.logical.Entity" directorySegmentName="seg_0" id="3DFBA2B4-2CE2-181D-D6D3-B0102F7DE233" name="MovieStar">
<createdBy>626-16</createdBy>
<createdTime>2024-09-04 05:26:06 UTC</createdTime>
<ownerDesignName>MovieDB</ownerDesignName>
<engineerTo>
<item key="C33B7766-4858-A416-48C5-3986A2A8DB3A" value="true"/>
</engineerTo>
<adequatelyNormalized>NO</adequatelyNormalized>
<expectedVolumes>0</expectedVolumes>
<fwdEngineeringStrategyName>Single Table</fwdEngineeringStrategyName>
<growthPercent>0</growthPercent>
<growthType>Year</growthType>
<maxVolumes>9999999</maxVolumes>
<minVolumes>0</minVolumes>
<normalForm>Third</normalForm>
<attributes itemClass="oracle.dbtools.crest.model.design.logical.Attribute">
<Attribute name="name" id="22447994-092E-BD9F-A8DF-CA0999C33299">
<createdBy>626-16</createdBy>
<createdTime>2024-09-04 05:26:15 UTC</createdTime>
<ownerDesignName>MovieDB</ownerDesignName>
<engineerTo>
<item key="C33B7766-4858-A416-48C5-3986A2A8DB3A" value="true"/>
</engineerTo>
<use>0</use>
<logicalDatatype>LOGDT024</logicalDatatype>
<domain>14C6D348-0CAF-A556-70F8-9525B8D2BDA0</domain>
<ownDataTypeParameters>,,</ownDataTypeParameters>
</Attribute>
<Attribute name="address" id="2EBE6D93-5096-7E1A-A79C-2E8122AB3EBB">
<createdBy>626-16</createdBy>
<createdTime>2024-09-04 05:26:27 UTC</createdTime>
<ownerDesignName>MovieDB</ownerDesignName>
<engineerTo>
<item key="C33B7766-4858-A416-48C5-3986A2A8DB3A" value="true"/>
</engineerTo>
<nullsAllowed>true</nullsAllowed>
<use>0</use>
<logicalDatatype>LOGDT024</logicalDatatype>
<domain>9BA141E0-1EC4-C592-B0B7-A143016AB18C</domain>
<ownDataTypeParameters>,,</ownDataTypeParameters>
</Attribute>
<Attribute name="gender" id="6066771E-F90D-1779-5E3E-E1351BC20BB9">
<createdBy>626-16</createdBy>
<createdTime>2024-09-04 05:26:40 UTC</createdTime>
<ownerDesignName>MovieDB</ownerDesignName>
<engineerTo>
<item key="C33B7766-4858-A416-48C5-3986A2A8DB3A" value="true"/>
</engineerTo>
<nullsAllowed>true</nullsAllowed>
<use>0</use>
<logicalDatatype>LOGDT025</logicalDatatype>
<domain>7EC48796-1F01-B076-196B-E9F58BB2CBD9</domain>
<ownDataTypeParameters>,,</ownDataTypeParameters>
</Attribute>
<Attribute name="birthdate" id="6B10A7C3-8CEE-1E91-CF9E-845DE2549C81">
<createdBy>626-16</createdBy>
<createdTime>2024-09-04 05:26:52 UTC</createdTime>
<ownerDesignName>MovieDB</ownerDesignName>
<engineerTo>
<item key="C33B7766-4858-A416-48C5-3986A2A8DB3A" value="true"/>
</engineerTo>
<nullsAllowed>true</nullsAllowed>
<useDomainConstraints>false</useDomainConstraints>
<use>1</use>
<logicalDatatype>LOGDT007</logicalDatatype>
<ownDataTypeParameters>,,</ownDataTypeParameters>
</Attribute>
</attributes>
<identifiers itemClass="oracle.dbtools.crest.model.design.logical.CandidateKey">
<identifier id="AF67FA94-B0B5-8E2D-7754-984EE5F45B3B" name="MovieStar PK">
<createdBy>626-16</createdBy>
<createdTime>2024-09-04 05:26:25 UTC</createdTime>
<ownerDesignName>MovieDB</ownerDesignName>
<engineerTo>
<item key="C33B7766-4858-A416-48C5-3986A2A8DB3A" value="true"/>
</engineerTo>
<pk>true</pk>
<usedAttributes>
<attributeRef>22447994-092E-BD9F-A8DF-CA0999C33299</attributeRef>
</usedAttributes>
</identifier>
</identifiers>
</Entity>