<?xml version = '1.0' encoding = 'UTF-8'?>
<Entity class="oracle.dbtools.crest.model.design.logical.Entity" directorySegmentName="seg_0" id="70A4212D-5D22-0A76-2C1F-E9F3D41E8E0E" name="MovieExec">
<createdBy>626-16</createdBy>
<createdTime>2024-09-04 05:28:26 UTC</createdTime>
<ownerDesignName>MovieDB</ownerDesignName>
<engineerTo>
<item key="C33B7766-4858-A416-48C5-3986A2A8DB3A" value="true"/>
</engineerTo>
<adequatelyNormalized>NO</adequatelyNormalized>
<expectedVolumes>0</expectedVolumes>
<fwdEngineeringStrategyName>Single Table</fwdEngineeringStrategyName>
<growthPercent>0</growthPercent>
<growthType>Year</growthType>
<maxVolumes>9999999</maxVolumes>
<minVolumes>0</minVolumes>
<normalForm>Third</normalForm>
<attributes itemClass="oracle.dbtools.crest.model.design.logical.Attribute">
<Attribute name="name" id="F177A087-998B-A2CE-DCD1-6AC38A7DB628">
<createdBy>626-16</createdBy>
<createdTime>2024-09-04 05:28:38 UTC</createdTime>
<ownerDesignName>MovieDB</ownerDesignName>
<engineerTo>
<item key="C33B7766-4858-A416-48C5-3986A2A8DB3A" value="true"/>
</engineerTo>
<nullsAllowed>true</nullsAllowed>
<use>0</use>
<logicalDatatype>LOGDT024</logicalDatatype>
<domain>14C6D348-0CAF-A556-70F8-9525B8D2BDA0</domain>
<ownDataTypeParameters>,,</ownDataTypeParameters>
</Attribute>
<Attribute name="address" id="849F7878-A9D3-1A5F-6A02-F8F8CBCD0362">
<createdBy>626-16</createdBy>
<createdTime>2024-09-04 05:28:48 UTC</createdTime>
<ownerDesignName>MovieDB</ownerDesignName>
<engineerTo>
<item key="C33B7766-4858-A416-48C5-3986A2A8DB3A" value="true"/>
</engineerTo>
<nullsAllowed>true</nullsAllowed>
<use>0</use>
<logicalDatatype>LOGDT024</logicalDatatype>
<domain>9BA141E0-1EC4-C592-B0B7-A143016AB18C</domain>
<ownDataTypeParameters>,,</ownDataTypeParameters>
</Attribute>
<Attribute name="certNo" id="6D45AAC3-CEE2-CF85-3EE4-6EB12A282AB0">
<createdBy>626-16</createdBy>
<createdTime>2024-09-04 05:28:58 UTC</createdTime>
<ownerDesignName>MovieDB</ownerDesignName>
<engineerTo>
<item key="C33B7766-4858-A416-48C5-3986A2A8DB3A" value="true"/>
</engineerTo>
<useDomainConstraints>false</useDomainConstraints>
<use>1</use>
<logicalDatatype>LOGDT019</logicalDatatype>
<dataTypePrecision>8</dataTypePrecision>
<ownDataTypeParameters>,8,</ownDataTypeParameters>
</Attribute>
<Attribute name="netWorth" id="8D6E820F-6938-DD1A-D403-B461EB055CF6">
<createdBy>626-16</createdBy>
<createdTime>2024-09-04 05:30:03 UTC</createdTime>
<ownerDesignName>MovieDB</ownerDesignName>
<engineerTo>
<item key="C33B7766-4858-A416-48C5-3986A2A8DB3A" value="true"/>
</engineerTo>
<nullsAllowed>true</nullsAllowed>
<useDomainConstraints>false</useDomainConstraints>
<use>1</use>
<logicalDatatype>LOGDT019</logicalDatatype>
<dataTypePrecision>30</dataTypePrecision>
<ownDataTypeParameters>,30,</ownDataTypeParameters>
</Attribute>
</attributes>
<identifiers itemClass="oracle.dbtools.crest.model.design.logical.CandidateKey">
<identifier id="0613F573-FA97-C1F9-0C93-C5599A87B11D" name="MovieExec PK">
<createdBy>626-16</createdBy>
<createdTime>2024-09-04 05:29:55 UTC</createdTime>
<ownerDesignName>MovieDB</ownerDesignName>
<engineerTo>
<item key="C33B7766-4858-A416-48C5-3986A2A8DB3A" value="true"/>
</engineerTo>
<pk>true</pk>
<usedAttributes>
<attributeRef>6D45AAC3-CEE2-CF85-3EE4-6EB12A282AB0</attributeRef>
</usedAttributes>
</identifier>
<identifier id="8E1F9D09-5087-50CF-334C-3668B6F28BD1" name="Unique_Name">
<createdBy>626-16</createdBy>
<createdTime>2024-09-04 05:31:27 UTC</createdTime>
<ownerDesignName>MovieDB</ownerDesignName>
<engineerTo>
<item key="C33B7766-4858-A416-48C5-3986A2A8DB3A" value="true"/>
</engineerTo>
<newElementsIDs>F177A087-998B-A2CE-DCD1-6AC38A7DB628</newElementsIDs>
<usedAttributes>
<attributeRef>F177A087-998B-A2CE-DCD1-6AC38A7DB628</attributeRef>
</usedAttributes>
</identifier>
</identifiers>
</Entity>