<?xml version = '1.0' encoding = 'UTF-8'?>
<Entity class="oracle.dbtools.crest.model.design.logical.Entity" directorySegmentName="seg_0" id="C49CF00E-0A81-9439-D594-765849CBF5D7" name="Studio">
<createdBy>626-16</createdBy>
<createdTime>2024-09-04 05:10:35 UTC</createdTime>
<ownerDesignName>MovieDB</ownerDesignName>
<engineerTo>
<item key="C33B7766-4858-A416-48C5-3986A2A8DB3A" value="true"/>
</engineerTo>
<adequatelyNormalized>NO</adequatelyNormalized>
<expectedVolumes>0</expectedVolumes>
<fwdEngineeringStrategyName>Single Table</fwdEngineeringStrategyName>
<growthPercent>0</growthPercent>
<growthType>Year</growthType>
<maxVolumes>9999999</maxVolumes>
<minVolumes>0</minVolumes>
<normalForm>Third</normalForm>
<attributes itemClass="oracle.dbtools.crest.model.design.logical.Attribute">
<Attribute name="name" id="C4A992E5-17F0-4B0E-61D6-47825E1A186A">
<createdBy>626-16</createdBy>
<createdTime>2024-09-04 05:10:58 UTC</createdTime>
<ownerDesignName>MovieDB</ownerDesignName>
<engineerTo>
<item key="C33B7766-4858-A416-48C5-3986A2A8DB3A" value="true"/>
</engineerTo>
<use>0</use>
<logicalDatatype>LOGDT024</logicalDatatype>
<domain>14C6D348-0CAF-A556-70F8-9525B8D2BDA0</domain>
<ownDataTypeParameters>,,</ownDataTypeParameters>
</Attribute>
<Attribute name="address" id="A3F772F0-4225-F084-1DEF-95272AF6C501">
<createdBy>626-16</createdBy>
<createdTime>2024-09-04 05:11:19 UTC</createdTime>
<ownerDesignName>MovieDB</ownerDesignName>
<engineerTo>
<item key="C33B7766-4858-A416-48C5-3986A2A8DB3A" value="true"/>
</engineerTo>
<nullsAllowed>true</nullsAllowed>
<use>0</use>
<logicalDatatype>LOGDT024</logicalDatatype>
<domain>9BA141E0-1EC4-C592-B0B7-A143016AB18C</domain>
<ownDataTypeParameters>,,</ownDataTypeParameters>
</Attribute>
<Attribute name="presNo" id="2F5B4AE9-B4ED-C8FE-5E02-2D95E0128641">
<createdBy>626-16</createdBy>
<createdTime>2024-09-04 05:42:58 UTC</createdTime>
<generatorID>FA4687A4-A731-8A96-1F3F-1EF77C303D08</generatorID>
<ownerDesignName>MovieDB</ownerDesignName>
<engineerTo>
<item key="C33B7766-4858-A416-48C5-3986A2A8DB3A" value="true"/>
</engineerTo>
<nullsAllowed>true</nullsAllowed>
<referedAttribute>6D45AAC3-CEE2-CF85-3EE4-6EB12A282AB0</referedAttribute>
<useDomainConstraints>false</useDomainConstraints>
<use>1</use>
<logicalDatatype>LOGDT019</logicalDatatype>
<dataTypePrecision>8</dataTypePrecision>
<ownDataTypeParameters>,,</ownDataTypeParameters>
</Attribute>
</attributes>
<identifiers itemClass="oracle.dbtools.crest.model.design.logical.CandidateKey">
<identifier id="E1E33272-1DB6-10E1-6FE7-CA3950865DAF" name="Studio PK">
<createdBy>626-16</createdBy>
<createdTime>2024-09-04 05:11:11 UTC</createdTime>
<ownerDesignName>MovieDB</ownerDesignName>
<engineerTo>
<item key="C33B7766-4858-A416-48C5-3986A2A8DB3A" value="true"/>
</engineerTo>
<pk>true</pk>
<usedAttributes>
<attributeRef>C4A992E5-17F0-4B0E-61D6-47825E1A186A</attributeRef>
</usedAttributes>
</identifier>
</identifiers>
</Entity>