<?xml version = '1.0' encoding = 'UTF-8'?>
<FKIndexAssociation class="oracle.dbtools.crest.model.design.relational.FKIndexAssociation" directorySegmentName="seg_0" id="2CD8339A-1370-6A75-1F5C-4FA56DB4DA04" containerWithKeyObject="7FC1540B-6B67-3727-5BE4-C5FD89C11C5B" localFKIndex="A28C5C5A-667C-9078-D170-33831CBEBACE" name="Contract_Star">
<createdBy>626-16</createdBy>
<createdTime>2024-09-25 05:52:50 UTC</createdTime>
<generatorID>AB8CCEC9-37A5-A9CC-2A05-D6E8F71EC7D3</generatorID>
<ownerDesignName>MovieDB_Class</ownerDesignName>
<referredTableLongName>MovieStar</referredTableLongName>
<deleteRule>NO ACTION</deleteRule>
<referredTableID>5524960C-CDCA-B6EE-E7C7-91A76F9E4C00</referredTableID>
<keyObject>063D44A8-F6FB-206B-39D0-8DEAEF37F976</keyObject>
<referredKeyID>063D44A8-F6FB-206B-39D0-8DEAEF37F976</referredKeyID>
<mandatory>true</mandatory>
<transferable>true</transferable>
<rely>false</rely>
<columnDependencyConstraintGenerateInDDL>true</columnDependencyConstraintGenerateInDDL>
</FKIndexAssociation>