<?xml version = '1.0' encoding = 'UTF-8'?>
<FKIndexAssociation class="oracle.dbtools.crest.model.design.relational.FKIndexAssociation" directorySegmentName="seg_0" id="2F215600-4374-35F6-5610-B2196098BA1F" containerWithKeyObject="3659B54C-41AD-0516-8088-3E7456E546D8" localFKIndex="64F3F9C1-8924-F1A6-D4AE-0A51FB8564E5" name="Runs">
<createdBy>626-16</createdBy>
<createdTime>2024-09-25 05:52:50 UTC</createdTime>
<generatorID>E02DD558-59CF-C066-FEE5-7946EA286DF3</generatorID>
<ownerDesignName>MovieDB_Class</ownerDesignName>
<referredTableLongName>MovieExec</referredTableLongName>
<deleteRule>NO ACTION</deleteRule>
<referredTableID>6755D088-CD79-9B65-A30C-BAF15CAC1A31</referredTableID>
<keyObject>D2932291-29DA-3E6C-2620-1EDB5145C59F</keyObject>
<referredKeyID>D2932291-29DA-3E6C-2620-1EDB5145C59F</referredKeyID>
<mandatory>false</mandatory>
<refColNames>info.e_no</refColNames>
<transferable>false</transferable>
<rely>false</rely>
<columnDependencyConstraintGenerateInDDL>true</columnDependencyConstraintGenerateInDDL>
</FKIndexAssociation>