<?xml version = '1.0' encoding = 'UTF-8'?>
<FKIndexAssociation class="oracle.dbtools.crest.model.design.relational.FKIndexAssociation" directorySegmentName="seg_0" id="3739671B-2BF5-F3E7-54C5-81020A6D9E32" containerWithKeyObject="0EF979B9-68E7-F804-E0C6-EBBDB023344F" localFKIndex="2870144E-ABE7-D615-1B3D-5272B66F1300" name="Murder_Of">
<createdBy>626-16</createdBy>
<createdTime>2024-09-25 05:52:50 UTC</createdTime>
<generatorID>3986AA21-C709-B511-33F8-057478F69BA5</generatorID>
<ownerDesignName>MovieDB_Class</ownerDesignName>
<referredTableLongName>Movie</referredTableLongName>
<deleteRule>NO ACTION</deleteRule>
<referredTableID>12D04356-B69B-7C7E-5B79-074B2FFEB508</referredTableID>
<keyObject>A35A62B2-F5EF-6B45-369A-7C97ADC8C337</keyObject>
<referredKeyID>A35A62B2-F5EF-6B45-369A-7C97ADC8C337</referredKeyID>
<mandatory>true</mandatory>
<refColNames>title,year</refColNames>
<transferable>true</transferable>
<rely>false</rely>
<columnDependencyConstraintGenerateInDDL>true</columnDependencyConstraintGenerateInDDL>
</FKIndexAssociation>