<?xml version = '1.0' encoding = 'UTF-8'?>
<FKIndexAssociation class="oracle.dbtools.crest.model.design.relational.FKIndexAssociation" directorySegmentName="seg_0" id="3E1E166B-7C30-0EF9-AAD5-581DCC7C52E0" containerWithKeyObject="7FC1540B-6B67-3727-5BE4-C5FD89C11C5B" localFKIndex="6D4EAE08-2B96-73C3-B4B2-198FF9EA8070" name="Contract_Movie">
<createdBy>626-16</createdBy>
<createdTime>2024-09-25 05:52:50 UTC</createdTime>
<generatorID>8CCA6D26-72B1-66C5-DD5F-EF3B7316AA4C</generatorID>
<ownerDesignName>MovieDB_Class</ownerDesignName>
<referredTableLongName>Movie</referredTableLongName>
<deleteRule>NO ACTION</deleteRule>
<referredTableID>12D04356-B69B-7C7E-5B79-074B2FFEB508</referredTableID>
<keyObject>A35A62B2-F5EF-6B45-369A-7C97ADC8C337</keyObject>
<referredKeyID>A35A62B2-F5EF-6B45-369A-7C97ADC8C337</referredKeyID>
<mandatory>true</mandatory>
<refColNames>title,year</refColNames>
<transferable>true</transferable>
<rely>false</rely>
<columnDependencyConstraintGenerateInDDL>true</columnDependencyConstraintGenerateInDDL>
</FKIndexAssociation>