<?xml version = '1.0' encoding = 'UTF-8'?>
<FKIndexAssociation class="oracle.dbtools.crest.model.design.relational.FKIndexAssociation" directorySegmentName="seg_0" id="4847935B-B8B6-0EAC-2F68-77261A74B689" containerWithKeyObject="9409AC29-7C30-80BE-C651-177806BD98D9" localFKIndex="80271AF0-C17B-2B38-0AB1-32DCCDB4CC36" name="Crew_Of">
<createdBy>626-16</createdBy>
<createdTime>2024-09-25 05:52:50 UTC</createdTime>
<generatorID>032A531D-5D85-7D0D-93DD-341CEB1561D4</generatorID>
<ownerDesignName>MovieDB_Class</ownerDesignName>
<referredTableLongName>Studio</referredTableLongName>
<deleteRule>NO ACTION</deleteRule>
<referredTableID>3659B54C-41AD-0516-8088-3E7456E546D8</referredTableID>
<keyObject>8095DEEA-4F61-8843-C2DC-E09CAF079895</keyObject>
<referredKeyID>8095DEEA-4F61-8843-C2DC-E09CAF079895</referredKeyID>
<mandatory>true</mandatory>
<refColNames>name</refColNames>
<transferable>true</transferable>
<rely>false</rely>
<columnDependencyConstraintGenerateInDDL>true</columnDependencyConstraintGenerateInDDL>
</FKIndexAssociation>