<?xml version = '1.0' encoding = 'UTF-8'?>
<FKIndexAssociation class="oracle.dbtools.crest.model.design.relational.FKIndexAssociation" directorySegmentName="seg_0" id="6C3FF618-AE9E-19C4-82CD-C5B8D4B3AD80" containerWithKeyObject="7FC1540B-6B67-3727-5BE4-C5FD89C11C5B" localFKIndex="3FC1DE8C-9589-A199-6906-E5688D9D10E8" name="Contract_Studio">
<createdBy>626-16</createdBy>
<createdTime>2024-09-25 05:52:50 UTC</createdTime>
<generatorID>58029BBB-1A4E-3FB4-C42D-98529A2ACBA2</generatorID>
<ownerDesignName>MovieDB_Class</ownerDesignName>
<referredTableLongName>Studio</referredTableLongName>
<deleteRule>NO ACTION</deleteRule>
<referredTableID>3659B54C-41AD-0516-8088-3E7456E546D8</referredTableID>
<keyObject>8095DEEA-4F61-8843-C2DC-E09CAF079895</keyObject>
<referredKeyID>8095DEEA-4F61-8843-C2DC-E09CAF079895</referredKeyID>
<mandatory>true</mandatory>
<refColNames>name</refColNames>
<transferable>true</transferable>
<rely>false</rely>
<columnDependencyConstraintGenerateInDDL>true</columnDependencyConstraintGenerateInDDL>
</FKIndexAssociation>