<?xml version = '1.0' encoding = 'UTF-8'?>
<FKIndexAssociation class="oracle.dbtools.crest.model.design.relational.FKIndexAssociation" directorySegmentName="seg_0" id="8D10561E-5F0E-4045-6E86-5FEFF412C96E" containerWithKeyObject="66F17E1F-DC53-BC03-B31E-207AF4319A0D" localFKIndex="A0A2C994-5E46-6FE8-9E7F-B02EA9343149" name="officeOf">
<createdBy>626-16</createdBy>
<createdTime>2024-09-25 05:52:50 UTC</createdTime>
<generatorID>906CC68D-2D90-3AFD-FF42-856AA00AD0B7</generatorID>
<ownerDesignName>MovieDB_Class</ownerDesignName>
<referredTableLongName>Studio</referredTableLongName>
<deleteRule>NO ACTION</deleteRule>
<referredTableID>3659B54C-41AD-0516-8088-3E7456E546D8</referredTableID>
<keyObject>8095DEEA-4F61-8843-C2DC-E09CAF079895</keyObject>
<referredKeyID>8095DEEA-4F61-8843-C2DC-E09CAF079895</referredKeyID>
<mandatory>false</mandatory>
<refColNames>name</refColNames>
<transferable>true</transferable>
<rely>false</rely>
<columnDependencyConstraintGenerateInDDL>true</columnDependencyConstraintGenerateInDDL>
</FKIndexAssociation>