<?xml version = '1.0' encoding = 'UTF-8'?>
<FKIndexAssociation class="oracle.dbtools.crest.model.design.relational.FKIndexAssociation" directorySegmentName="seg_0" id="AD90B4C9-B9B3-1758-1B98-A240253F5225" containerWithKeyObject="8B69D097-3182-F76A-D91C-4F84E3E2F87D" localFKIndex="9D7CDCDE-3D62-7901-5AF6-0EF1170653CF" name="StarsIn_Movie_FK">
<createdBy>626-16</createdBy>
<createdTime>2024-09-25 05:52:50 UTC</createdTime>
<generatorID>BA88CC4F-E690-8FFB-9CCC-9BDDF1B49026</generatorID>
<ownerDesignName>MovieDB_Class</ownerDesignName>
<referredTableLongName>Movie</referredTableLongName>
<deleteRule>NO ACTION</deleteRule>
<referredTableID>12D04356-B69B-7C7E-5B79-074B2FFEB508</referredTableID>
<keyObject>A35A62B2-F5EF-6B45-369A-7C97ADC8C337</keyObject>
<referredKeyID>A35A62B2-F5EF-6B45-369A-7C97ADC8C337</referredKeyID>
<mandatory>true</mandatory>
<refColNames>title,year</refColNames>
<transferable>true</transferable>
<rely>false</rely>
<columnDependencyConstraintGenerateInDDL>true</columnDependencyConstraintGenerateInDDL>
</FKIndexAssociation>