<?xml version = '1.0' encoding = 'UTF-8'?>
<FKIndexAssociation class="oracle.dbtools.crest.model.design.relational.FKIndexAssociation" directorySegmentName="seg_0" id="BC28D4B3-7457-6C30-C3B5-2013CF50F34F" containerWithKeyObject="12D04356-B69B-7C7E-5B79-074B2FFEB508" localFKIndex="0F21F550-9BB4-4ABD-97EF-345315FAD25B" name="Owns">
<createdBy>626-16</createdBy>
<createdTime>2024-09-25 05:52:50 UTC</createdTime>
<generatorID>DD255A34-7B20-5428-C6F3-10A7693F235C</generatorID>
<ownerDesignName>MovieDB_Class</ownerDesignName>
<referredTableLongName>Studio</referredTableLongName>
<deleteRule>NO ACTION</deleteRule>
<referredTableID>3659B54C-41AD-0516-8088-3E7456E546D8</referredTableID>
<keyObject>8095DEEA-4F61-8843-C2DC-E09CAF079895</keyObject>
<referredKeyID>8095DEEA-4F61-8843-C2DC-E09CAF079895</referredKeyID>
<mandatory>true</mandatory>
<refColNames>name</refColNames>
<transferable>true</transferable>
<rely>false</rely>
<columnDependencyConstraintGenerateInDDL>true</columnDependencyConstraintGenerateInDDL>
</FKIndexAssociation>