<?xml version = '1.0' encoding = 'UTF-8'?>
<FKIndexAssociation class="oracle.dbtools.crest.model.design.relational.FKIndexAssociation" directorySegmentName="seg_0" id="D71E1D6A-85F3-C2BB-4BDD-1CF4DD24D625" containerWithKeyObject="12D04356-B69B-7C7E-5B79-074B2FFEB508" localFKIndex="EA3FEF98-5B43-8941-4627-9C21C46CEDA5" name="Sequel_Of">
<createdBy>626-16</createdBy>
<createdTime>2024-09-25 05:52:50 UTC</createdTime>
<generatorID>1CC2F0DD-7EC2-3C52-A1FE-733100DD59C2</generatorID>
<ownerDesignName>MovieDB_Class</ownerDesignName>
<referredTableLongName>Movie</referredTableLongName>
<deleteRule>NO ACTION</deleteRule>
<referredTableID>12D04356-B69B-7C7E-5B79-074B2FFEB508</referredTableID>
<keyObject>A35A62B2-F5EF-6B45-369A-7C97ADC8C337</keyObject>
<referredKeyID>A35A62B2-F5EF-6B45-369A-7C97ADC8C337</referredKeyID>
<mandatory>true</mandatory>
<refColNames>title,year</refColNames>
<transferable>true</transferable>
<rely>false</rely>
<columnDependencyConstraintGenerateInDDL>true</columnDependencyConstraintGenerateInDDL>
</FKIndexAssociation>