<?xml version = '1.0' encoding = 'UTF-8'?>
<FKIndexAssociation class="oracle.dbtools.crest.model.design.relational.FKIndexAssociation" directorySegmentName="seg_0" id="E55EC901-C7E6-89DF-6197-5819302B44C5" containerWithKeyObject="8B69D097-3182-F76A-D91C-4F84E3E2F87D" localFKIndex="A5BF3BE4-614E-101A-6640-031B3F125E6A" name="StarsIn_MovieStar_FK">
<createdBy>626-16</createdBy>
<createdTime>2024-09-25 05:52:50 UTC</createdTime>
<generatorID>BA88CC4F-E690-8FFB-9CCC-9BDDF1B49026</generatorID>
<ownerDesignName>MovieDB_Class</ownerDesignName>
<referredTableLongName>MovieStar</referredTableLongName>
<deleteRule>NO ACTION</deleteRule>
<referredTableID>5524960C-CDCA-B6EE-E7C7-91A76F9E4C00</referredTableID>
<keyObject>063D44A8-F6FB-206B-39D0-8DEAEF37F976</keyObject>
<referredKeyID>063D44A8-F6FB-206B-39D0-8DEAEF37F976</referredKeyID>
<mandatory>true</mandatory>
<transferable>true</transferable>
<rely>false</rely>
<columnDependencyConstraintGenerateInDDL>true</columnDependencyConstraintGenerateInDDL>
</FKIndexAssociation>