<?xml version = '1.0' encoding = 'UTF-8'?>
<FKIndexAssociation class="oracle.dbtools.crest.model.design.relational.FKIndexAssociation" directorySegmentName="seg_0" id="FFD2F847-8B73-99DD-E4C8-B4FC78F83D4C" containerWithKeyObject="652006E4-B33F-4542-8040-EA2D79D4E5DD" localFKIndex="21967B42-85E2-4177-79E4-2448157271A7" name="Cartoon_Of">
<createdBy>626-16</createdBy>
<createdTime>2024-09-25 05:52:50 UTC</createdTime>
<generatorID>DCFE6ADB-0D2D-FD7B-24F2-7E44F427D16F</generatorID>
<ownerDesignName>MovieDB_Class</ownerDesignName>
<referredTableLongName>Movie</referredTableLongName>
<deleteRule>NO ACTION</deleteRule>
<referredTableID>12D04356-B69B-7C7E-5B79-074B2FFEB508</referredTableID>
<keyObject>A35A62B2-F5EF-6B45-369A-7C97ADC8C337</keyObject>
<referredKeyID>A35A62B2-F5EF-6B45-369A-7C97ADC8C337</referredKeyID>
<mandatory>true</mandatory>
<refColNames>title,year</refColNames>
<transferable>true</transferable>
<rely>false</rely>
<columnDependencyConstraintGenerateInDDL>true</columnDependencyConstraintGenerateInDDL>
</FKIndexAssociation>