<?xml version = '1.0' encoding = 'UTF-8'?>
<Relation class="oracle.dbtools.crest.model.design.logical.Relation" name="Owns" directorySegmentName="seg_0" id="B333B479-5A69-7CDE-9189-217E8421A09D">
<createdBy>626-16</createdBy>
<createdTime>2024-09-04 05:12:47 UTC</createdTime>
<ownerDesignName>MovieDB</ownerDesignName>
<engineerTo>
<item key="C33B7766-4858-A416-48C5-3986A2A8DB3A" value="true"/>
</engineerTo>
<sourcePk>E1E33272-1DB6-10E1-6FE7-CA3950865DAF</sourcePk>
<identifying>false</identifying>
<optionalSource>true</optionalSource>
<optionalTarget>false</optionalTarget>
<sourceCardinality>1</sourceCardinality>
<sourceEntity>C49CF00E-0A81-9439-D594-765849CBF5D7</sourceEntity>
<targetCardinalityString>*</targetCardinalityString>
<targetEntity>17EF8DE7-2410-E127-FF71-84EE99761E20</targetEntity>
<transferable>true</transferable>
<deleteRule>NO ACTION</deleteRule>
</Relation>