<?xml version = '1.0' encoding = 'UTF-8'?>
<Relation class="oracle.dbtools.crest.model.design.logical.Relation" name="StarsIn" directorySegmentName="seg_0" id="B3FBE7E4-7409-AC45-DDC6-DC4AF38236CF">
<createdBy>626-16</createdBy>
<createdTime>2024-09-04 05:33:37 UTC</createdTime>
<ownerDesignName>MovieDB</ownerDesignName>
<engineerTo>
<item key="C33B7766-4858-A416-48C5-3986A2A8DB3A" value="true"/>
</engineerTo>
<identifying>false</identifying>
<optionalSource>true</optionalSource>
<optionalTarget>true</optionalTarget>
<sourceCardinality>*</sourceCardinality>
<sourceEntity>17EF8DE7-2410-E127-FF71-84EE99761E20</sourceEntity>
<targetCardinalityString>*</targetCardinalityString>
<targetEntity>3DFBA2B4-2CE2-181D-D6D3-B0102F7DE233</targetEntity>
<transferable>true</transferable>
<deleteRule>NO ACTION</deleteRule>
<attributes itemClass="oracle.dbtools.crest.model.design.logical.Attribute">
<attribute name="Gurantee" id="28E40B28-AFC5-FB14-DF3D-F05F18D5A02D">
<createdBy>626-16</createdBy>
<createdTime>2024-09-04 05:50:03 UTC</createdTime>
<ownerDesignName>MovieDB</ownerDesignName>
<engineerTo>
<item key="C33B7766-4858-A416-48C5-3986A2A8DB3A" value="true"/>
</engineerTo>
<nullsAllowed>true</nullsAllowed>
<useDomainConstraints>false</useDomainConstraints>
<use>1</use>
<logicalDatatype>LOGDT019</logicalDatatype>
<dataTypePrecision>30</dataTypePrecision>
<dataTypeScale>0</dataTypeScale>
<ownDataTypeParameters>,30,0</ownDataTypeParameters>
</attribute>
</attributes>
</Relation>