<?xml version = '1.0' encoding = 'UTF-8'?>
<Relation class="oracle.dbtools.crest.model.design.logical.Relation" name="Runs" directorySegmentName="seg_0" id="FA4687A4-A731-8A96-1F3F-1EF77C303D08">
<createdBy>626-16</createdBy>
<createdTime>2024-09-04 05:38:11 UTC</createdTime>
<ownerDesignName>MovieDB</ownerDesignName>
<engineerTo>
<item key="C33B7766-4858-A416-48C5-3986A2A8DB3A" value="true"/>
</engineerTo>
<sourcePk>E1E33272-1DB6-10E1-6FE7-CA3950865DAF</sourcePk>
<targetPk>0613F573-FA97-C1F9-0C93-C5599A87B11D</targetPk>
<dominantRole>70A4212D-5D22-0A76-2C1F-E9F3D41E8E0E</dominantRole>
<identifying>false</identifying>
<optionalSource>true</optionalSource>
<optionalTarget>true</optionalTarget>
<sourceCardinality>1</sourceCardinality>
<sourceEntity>C49CF00E-0A81-9439-D594-765849CBF5D7</sourceEntity>
<targetCardinalityString>1</targetCardinalityString>
<targetEntity>70A4212D-5D22-0A76-2C1F-E9F3D41E8E0E</targetEntity>
<transferable>true</transferable>
<deleteRule>NO ACTION</deleteRule>
<attributes itemClass="oracle.dbtools.crest.model.design.logical.Attribute">
<attribute name="Payment" id="D0EE9782-382E-BD00-03FE-98C4568F9056">
<createdBy>626-16</createdBy>
<createdTime>2024-09-04 05:49:12 UTC</createdTime>
<ownerDesignName>MovieDB</ownerDesignName>
<engineerTo>
<item key="C33B7766-4858-A416-48C5-3986A2A8DB3A" value="true"/>
</engineerTo>
<nullsAllowed>true</nullsAllowed>
<useDomainConstraints>false</useDomainConstraints>
<use>1</use>
<logicalDatatype>LOGDT019</logicalDatatype>
<dataTypePrecision>20</dataTypePrecision>
<dataTypeScale>0</dataTypeScale>
<ownDataTypeParameters>,20,0</ownDataTypeParameters>
</attribute>
</attributes>
</Relation>